,"Indicator","Indicator.short","Type","UM.category","Sub.category","carbon.factor","carbon.factor.noCement","carbon.units","carbon.reference","carbon.conversion","virtual.water","virtual.water.units","virtual.water.conversion","virtual.water.reference","global.hectares","cost","cost.units","cost.multiplier","cost.divider","cost.reference","energy.eff","waste.eff","water.eff","energy.gdp","en.rad","precip.water","energy.pop","energy.area","resEff","envEff"
1,,,,,,,,,,,,,,,,,,,,,,,,,,,,,,
2,"Brinkhoff population (2010)","pop.brinkhoff","megacity.definition",,,,,,,"ignore",,,,,,,,,,,,,,,,,,,,
3,"Survey population","pop.survery","megacity.definition",,,,,,,"ignore",,,,,,,,,,,,,,,,,"in",,,
4,"Population growth rate 2001-11","pop.growth","megacity.definition",,,,,,,"ignore",,,,,,,,,,,,,,,,,,,,
5," GDP ","gdp","megacity.definition",,,,,,,"ignore",,,,,,,,,,,,,,,,,,,,
6," GDP (PPP-adjusted US dollars) ","gdp.ppp","megacity.definition",,,,,,,"ignore",,,,,,,,,,,,,,"in",,,,,"out","out"
7," 10-year growth rate in GDP 2001 to 2011 (%) ","gdp.growth","megacity.definition",,,,,,,"ignore",,,,,,,,,,,,,,,,,,,,
8,"Formal gov't for metro area (yes/no)?","govt.metro","megacity.definition",,,,,,,"ignore",,,,,,,,,,,,,,,,,,,,
9,"> 1 coordinating bodies (yes/no)?","coord.bodies","megacity.definition",,,,,,,"ignore",,,,,,,,,,,,,,,,,,,,
10,"Land area (km2)","area.land","biophysical.characteristics",,,,,,,"ignore",,,,,,,,,,,,,,,,,,"in",,
11,"Urbanized area (km2)","area.urbanised","biophysical.characteristics",,,,,,,"ignore",,,,,,,,,,,,,,,,,,,,
12,"Urban population density--persons/km2 (survey)","pop.density.survey","biophysical.characteristics",,,,,,,"ignore",,,,,,,,,,,,,,,,,,,,
13,"Urban population density--persons/km2 (World Bank, 2013)","pop.density.worldbank","biophysical.characteristics",,,,,,,"ignore",,,,,,,,,,,,,,,,,,,,
14,"Heating degree days","degreeDays.heating","biophysical.characteristics",,,,,,,"ignore",,,,,,,,,,,,,,,,,,,,
15,"Cooling degree days","degreeDays.cooling","biophysical.characteristics",,,,,,,"ignore",,,,,,,,,,,,,,,,,,,,
16,"Annnual precipitation (mm)","precip.annual","biophysical.characteristics",,,,,,,"ignore",,,,,,,,,,,,,,,,"in",,,,
17,"Annual solar radiation (k Wh/m2)","solarRad.annual","biophysical.characteristics",,,,,,,"ignore",,,,,,,,,,,,,,,"in",,,,,
18,"Building gross floor area (m2)","area.floor.gross","biophysical.characteristics",,,,,,,"ignore",,,,,,,,,,,,,,,,,,,,
19,"residential","area.floor.residential","biophysical.characteristics",,,,,,,"ignore",,,,,,,,,,,,,,,,,,,,
20,"commercial & institutional","area.floor.commercial","biophysical.characteristics",,,,,,,"ignore",,,,,,,,,,,,,,,,,,,,
21,"industrial","area.floor.industrial","biophysical.characteristics",,,,,,,"ignore",,,,,,,,,,,,,,,,,,,,
22,"Electricity consumption (GWh) - renewable","elec.renewable","urban.metabolism","Energy.stationary",,,,,,"ignore",,,,,,"NA",,,,,,,,,,,,,,
23,"Electricity consumption (GWh) - grid","elec.grid","urban.metabolism","Energy.stationary",,,,,,"ignore",,,,,,"NA",,,,,,,,,,,,,,
24,"Electrical line losses (GWh)","elec.losses","urban.metabolism","Energy.stationary",,,,,,"ignore",,,,,,"NA",,,,,,,,,,,,,,
25,"Total electricity consumption (GWh)","elec.total.Gwh","urban.metabolism","Energy.stationary",,,,,,"ignore",,,,,,"NA",,,,,,,,,,,,,,
26,"Total electricity consumption (TJ)","elec.total.TJ","urban.metabolism","Energy.stationary",,,,,,"ignore",,,,,,"NA",,,,,"out",,,,,,,,,
27,"10-year growth rate 2001-2011 (%)","elec.growth","urban.metabolism","Energy.stationary",,,,,,"ignore",,,,,,"NA",,,,,,,,,,,,,,
28,"Natural gas (TJ)","gas","urban.metabolism","Energy.stationary",,0.18521,0.18521,"kgCO2e/kWh","Table 1c",277777.777778,0.11,"m3/GJ",0.001,"http://www.waterfootprint.org/",,4.088,"$/MBTU",947.8,,"Wolfram Alpha","in",,,,,,,,,
29,"Fuel oil (TJ)","oil","urban.metabolism","Energy.stationary",,0.26826,0.26826,"kgCO2e/kWh","Table 1c",277777.777778,1.06,"m3/GJ",0.001,"http://www.waterfootprint.org/",,68.27,"$/bbl",163.456,,"Wolfram Alpha","in",,,,,,,,,
30,"Coal (TJ)","coal","urban.metabolism","Energy.stationary",,0.32648,0.32648,"kgCO2e/kWh","Table 1c",277777.777778,0.16,"m3/GJ",0.001,"http://www.waterfootprint.org/",,53.1,"$/tonne",0.0293,,"Wolfram Alpha","in",,,,,,,,,
31,"Biomass/biofuels (TJ)","bio","urban.metabolism","Energy.stationary",,0.01599,0.01599,"kgCO2e/kWh","Table 9c (wood chips)",277777.777778,70,"m3/GJ",0.001,"http://www.waterfootprint.org/ (range: 10-250)",,4.4,"p/kWh",277777.78,,"Woodchips value from http://www.biomassenergycentre.org.uk/portal/page?_pageid=75,59188&_dad=portal","in",,,,,,,,,
32,"other.steam","other.stat.steam","urban.metabolism","Energy.stationary",,,,,,"ignore",,,,,,,,,,,"in",,,,,,,,,
33,"other.oilProducts","other.stat.oilProducts","urban.metabolism","Energy.stationary",,0.26826,0.26826,"kgCO2e/kWh","Table 1c",277777.777778,1.06,,0.001,,,68.27,"$/bbl",163.456,,,"in",,,,,,,,,
34,"other.kerosene","other.stat.kerosene","urban.metabolism","Energy.stationary",,0.24591,0.24591,"kgCO2e/kWh","Table 1c (refinery misc.)",277777.777778,,,,,,295.5,"c/gallon",7032.34,,"New York Statewide value from http://www.nyserda.ny.gov/Energy-Data-and-Prices-Planning-and-Policy/Energy-Prices-Data-and-Reports/Energy-Prices/Kerosene/Average-Kerosene-Prices.aspx","in",,,,,,,,,
35,"other.LPG","other.stat.LPG","urban.metabolism","Energy.stationary",,0.21455,0.21455,"kgCO2e/kWh","Table 1c",277777.777778,,,,,,0.74,"ﾣ/l",70897.737365,,,"in",,,,,,,,,
36,"other.crudeOil","other.stat.crudeOil","urban.metabolism","Energy.stationary",,"FIND ELSEWHERE","FIND ELSEWHERE",,,277777.777778,1.06,,0.001,,,68.27,"$/bbl",163.456,,,"in",,,,,,,,,
37,"other.totalNonElectric","other.stat.totalNonElectric","urban.metabolism","Energy.stationary",,0.24591,0.24591,"kgCO2e/kWh","Table 1c (refinery misc.)",277777.777778,,,,,,"MAKE ASSUMPTION",,,,,"in",,,,,,,,,
38,"other: kerosene coal LPG waste oil","other.stat.misc","urban.metabolism","Energy.stationary",,0.24591,0.24591,"kgCO2e/kWh","Table 1c (refinery misc.)",277777.777778,,,,,,"MAKE ASSUMPTION",,,,,"in",,,,,,,,,
39,"other.diesel","other.stat.diesel","urban.metabolism","Energy.stationary",,0.2454,0.2454,"kgCO2e/kWh","Table 1c",277777.777778,,,,,,3.628,"$/gal",6825,,"Wolfram Alpha","in",,,,,,,,,
40,"other.coalProducts","other.stat.coalProducts","urban.metabolism","Energy.stationary",,0.29117,0.29117,"kgCO2e/kWh","Table 1c",277777.777778,0.16,,0.001,,,53.1,"$/tonne",0.0293,,"Wolfram Alpha","in",,,,,,,,,
41,"other.fuelOil","other.stat.fuelOil","urban.metabolism","Energy.stationary",,0.26826,0.26826,"kgCO2e/kWh","Table 1c",277777.777778,1.06,,0.001,,,68.27,"$/bbl",163.456,,"Wolfram Alpha","in",,,,,,,,,
42,"other.furnaceOil","other.stat.furnaceOil","urban.metabolism","Energy.stationary",,0.24682,0.24682,"kgCO2e/kWh","Table 1c (burning oil)",277777.777778,1.06,,0.001,,,68.27,"$/bbl",163.456,,"Wolfram Alpha","in",,,,,,,,,
43,"other.townGas","other.stat.townGas","urban.metabolism","Energy.stationary",,0.18521,0.18521,"kgCO2e/kWh","Table 1c (natural gas)",277777.777778,0.11,,0.001,,,4.088,"$/MBTU",947.8,,"Wolfram Alpha","in",,,,,,,,,
44,"other.greases","other.stat.greases","urban.metabolism","Energy.stationary",,0.26439,0.26439,"kgCO2e/kWh","Table 1c",277777.777778,,,,,,"MAKE ASSUMPTION",,,,,"in",,,,,,,,,
45,"other.heat","other.stat.heat","urban.metabolism","Energy.stationary",,0.24591,0.24591,"kgCO2e/kWh","Table 1c (refinery misc.)",277777.777778,,,,,,"MAKE ASSUMPTION",,,,,"in",,,,,,,,,
46,"other.LPG.bulked.packed","other.stat.LPG.bulked.packed","urban.metabolism","Energy.stationary",,0.21455,0.21455,"kgCO2e/kWh","Table 1c",277777.777778,,,,,,0.74,"ﾣ/l",70897.737365,,,"in",,,,,,,,,
47,"other.mineralOil","other.stat.mineralOil","urban.metabolism","Energy.stationary",,"FIND ELSEWHERE","FIND ELSEWHERE",,,277777.777778,1.06,,0.001,,,"NA",,,,,"in",,,,,,,,,
48,"Total energy consumption (heating + industr. fuels) (TJ)","energy.stat.heating.fuel","urban.metabolism","Energy.stationary",,"NA","NA","NA","NA","NA","NA",,,,,"NA",,,,,"out",,,,"out",,,,,
49,"Total energy consumption (res. & com. heating) (TJ)","energy.stat.res.comm.heating","urban.metabolism","Energy.stationary",,"NA","NA","NA","NA","NA","NA",,,,,"NA",,,,,"out",,,,,,,,,
50,"Gasoline (TJ)","gasoline","urban.metabolism","Energy.mobile",,0.2357,0.2357,"kgCO2e/kWh","Table 1c",277777.777778,15,"m3/GJ",0.001,"http://www.waterfootprint.org/",,2.907,"$/gal",7589.6,,"Wolfram Alpha","in",,,,,,,,,
51,"Diesel (TJ)","diesel","urban.metabolism","Energy.mobile",,0.2454,0.2454,"kgCO2e/kWh","Table 1c",277777.777778,0.34,"m3/GJ",0.001,"http://www.waterfootprint.org/",,3.628,"$/gal",6825,,"Wolfram Alpha","in",,,,,,,,,
52,"Jet fuel (TJ)","fuel.jet","urban.metabolism","Energy.mobile",,0.24802,0.24802,"kgCO2e/kWh","Table 1c",277777.777778,,,,,,2.96,"c/gallon",7589.6,,"Assume same as Kerosene","in",,,,,,,,,
53,"Marine fuel (TJ)","fuel.marine","urban.metabolism","Energy.mobile",,0.24802,0.24802,"kgCO2e/kWh","Table 1c (aviation turbine fuel)",277777.777778,,,,,,2.96,"c/gallon",7589.6,,"Assume same as Kerosene","in",,,,,,,,,
54,"other.CNG","other.CNG","urban.metabolism","Energy.mobile",,0.18521,0.18521,"kgCO2e/kWh","Table 1c",277777.777778,,,,,,4.088,"$/MBTU",947.8,,"Wolfram Alpha - assume natural gas","in",,,,,,,,,
55,"other.oilProducts","other.mobile.oilProducts","urban.metabolism","Energy.mobile",,0.24591,0.24591,"kgCO2e/kWh","Table 1c (refinery misc.)",277777.777778,1.06,,0.001,,,68.27,"$/bbl",163.456,,"Wolfram Alpha","in",,,,,,,,,
56,"other.ethanol","other.mobile.ethanol","urban.metabolism","Energy.mobile",,"FIND ELSEWHERE","FIND ELSEWHERE",,,277777.777778,4,"m3/GJ",0.001,"Table 2 (range 1.388-9.812), http://www.pnas.org/content/106/25/10219.full.pdf+html",,2.06,"$/gal",6825,,"Wolfram Alpha -  assume the same unit conversions as for diesel","in",,,,,,,,,
57,"other.mazut","other.mobile.mazut","urban.metabolism","Energy.mobile",,0.26826,0.26826,"kgCO2e/kWh","Table 1c (fuel oil)",277777.777778,1.06,,0.001,,,68.27,"$/bbl",163.456,,"Assume same as oil","in",,,,,,,,,
58,"other.LPG","other.mobile.LPG","urban.metabolism","Energy.mobile",,0.21455,0.21455,"kgCO2e/kWh","Table 1c",277777.777778,,,,,,0.74,"ﾣ/l",70897.737365,,,"in",,,,,,,,,
59,"other.aviationGasoline","other.mobile.aviationGasoline","urban.metabolism","Energy.mobile",,0.24802,0.24802,"kgCO2e/kWh","Table 1c",277777.777778,,,,,,2.907,"$/gal",7589.6,,"Assume gasoline","in",,,,,,,,,
60,"other.naturalGas","other.mobile.naturalGas","urban.metabolism","Energy.mobile",,0.18521,0.18521,"kgCO2e/kWh","Table 1c",277777.777778,0.11,"m3/GJ",0.001,"http://www.waterfootprint.org/",,4.088,"$/MBTU",947.8,,"Wolfram Alpha - assume natural gas","in",,,,,,,,,
61,"other.compressedNaturalGas","other.mobile.compressedNaturalGas","urban.metabolism","Energy.mobile",,1.18521,1.18521,"kgCO2e/kWh","Table 1c",277777.777778,0.11,"m3/GJ",0.001,"http://www.waterfootprint.org/",,4.088,"$/MBTU",947.8,,"Wolfram Alpha - assume natural gas","in",,,,,,,,,
62,"other.fuelOil","other.mobile.fuelOil","urban.metabolism","Energy.mobile",,0.26826,0.26826,"kgCO2e/kWh","Table 1c",277777.777778,1.06,"m3/GJ",0.001,"http://www.waterfootprint.org/",,68.27,"$/bbl",163.456,,"Assume same as oil","in",,,,,,,,,
63,"other.dieselOil","other.mobile.dieselOil","urban.metabolism","Energy.mobile",,0.24591,0.24591,"kgCO2e/kWh","Table 1c (refinery misc.)",277777.777778,,,,,,3.628,"$/gal",6825,,"Wolfram Alpha","in",,,,,,,,,
64,"other.electricityMetro","other.mobile.electricityMetro","urban.metabolism","Energy.mobile",,1.24591,1.24591,"kgCO2e/kWh","Table 1c (refinery misc.)",277777.777778,,,,,,"MAKE ASSUMPTION",,,,,"in",,,,,,,,,
65,"other.electricity","other.mobile.electricity","urban.metabolism","Energy.mobile",,2.24591,2.24591,"kgCO2e/kWh","Table 1c (refinery misc.)",277777.777778,,,,,,"MAKE ASSUMPTION",,,,,"in",,,,,,,,,
66,"other.oil","other.mobile.oil","urban.metabolism","Energy.mobile",,0.26826,0.26826,"kgCO2e/kWh","Table 1c",277777.777778,1.06,"m3/GJ",0.001,"http://www.waterfootprint.org/",,68.27,"$/bbl",163.456,,"Assume same as oil","in",,,,,,,,,
67,"other.kerosene","other.mobile.kerosene","urban.metabolism","Energy.mobile",,0.24591,0.24591,"kgCO2e/kWh","Table 1c (refinery misc.)",277777.777778,,,,,,295.5,"c/gallon",7032.34,,"New York Statewide value from http://www.nyserda.ny.gov/Energy-Data-and-Prices-Planning-and-Policy/Energy-Prices-Data-and-Reports/Energy-Prices/Kerosene/Average-Kerosene-Prices.aspx","in",,,,,,,,,
68,"other.electricTraction","other.mobile.electricTraction","urban.metabolism","Energy.mobile",,0.24591,0.24591,"kgCO2e/kWh","Table 1c (refinery misc.)",277777.777778,,,,,,"MAKE ASSUMPTION",,,,,"in",,,,,,,,,
69,"other.biodiesel","other.mobile.biodiesel","urban.metabolism","Energy.mobile",,0.2454,0.2454,"kgCO2e/kWh","Table 1c",277777.777778,16,"m3/GJ",0.001,"Table 2 (range 13.676-19.924), http://www.pnas.org/content/106/25/10219.full.pdf+html",,"MAKE ASSUMPTION",,,,,"in",,,,,,,,,
70,"other.LPGauto","other.mobile.LPGauto","urban.metabolism","Energy.mobile",,0.21455,0.21455,"kgCO2e/kWh","Table 1c",277777.777778,,,,,,0.74,"ﾣ/l",70897.737365,,,"in",,,,,,,,,
71,"Total energy consumption (transportation) excl. marine/jet fuel (TJ)","energy.transp","urban.metabolism","Energy.mobile",,"NA","NA","NA","NA",277777.777778,"NA","NA",,"NA",,"NA",,,,,"out",,,,,,,,,
72,"10-year growth rate","energy.transp.growth","urban.metabolism","Energy.mobile",,"NA","NA","NA","NA","NA","NA","NA",,"NA",,"NA",,,,,,,,,,,,,,
73,"Total energy consumption (stationary + mobile) (TJ)","energy.total","urban.metabolism",,,"NA","NA","NA","NA","NA","NA","NA",,"NA",,"NA",,,,,,,,"out",,,"out","out",,
74,"2011 total","energy.total.2011","urban.metabolism","Energy.stationary.mobile",,"NA","NA","NA","NA","NA","NA","NA",,"NA",,"NA",,,,,,,,,,,,,,
75,"2006 total","energy.total.2006","urban.metabolism","Energy.stationary.mobile",,"NA","NA","NA","NA","NA","NA","NA",,"NA",,"NA",,,,,,,,,,,,,,
76,"2001 total","energy.total.2001","urban.metabolism","Energy.stationary.mobile",,"NA","NA","NA","NA","NA","NA","NA",,"NA",,"NA",,,,,,,,,,,,,,
77,"10-year growth rate 2001-2011 (%)","energy.total.growth","urban.metabolism","Energy.stationary.mobile",,"NA","NA","NA","NA","NA","NA","NA",,"NA",,"NA",,,,,,,,,,,,,,
78,"Consumption (ML) -- excluding line losses","water","urban.metabolism","Water",,,,,,"ignore",1,"m3/m3",1000,"OBVIOUS!",,"ignore",,,,,,,,,,,,,,
79,"Line losses (ML)","water.loss","urban.metabolism","Water",,,,,,"ignore","NA","NA","NA","OBVIOUS!",,"ignore",,,,,,,,,,,,,,
80,"Line losses as a percentage of consumption (%)","water.loss.percent","urban.metabolism","Water",,,,,,"ignore","NA","NA","NA","OBVIOUS!",,"ignore",,,,,,,,,,,,,,
81,"Total water consumption (ML) excluding line losses","water.loss.exc","urban.metabolism","Water",,,,,,"ignore","NA","NA","NA","OBVIOUS!",,"ignore",,,,,,,"out",,,,,,,
82,"Total water consumption (ML) including line losses","water.loss.inc","urban.metabolism","Water",,,,,,"ignore",1,"m3/m3",1000,"OBVIOUS!",,"ignore",,,,,,,"in",,,"out",,,,
83,"Production (ML)","water.production","urban.metabolism","Water",,,,,,"ignore",1,"m3/m3",1000,"OBVIOUS!",,0.51,"$/m3",1000,,"US price from http://everylittledrop.com.au/knowledge-center/the-cost-of-water/",,,,,,,,,,
84,"Production - surface water (ML)","water.production.surface","urban.metabolism","Water",,,,,,"ignore","NA","NA","NA","OBVIOUS!",,"ignore",,,,,,,,,,,,,,
85,"Production - ground water (ML)","water.production.ground","urban.metabolism","Water",,,,,,"ignore","NA","NA","NA","OBVIOUS!",,"ignore",,,,,,,,,,,,,,
86,"10-year growth rate in water consumption 2001-2011 (%)","water.growth","urban.metabolism","Water",,"NA","NA","NA","NA","ignore","NA","NA","NA","NA",,"ignore",,,,,,,,,,,,,,
87,"Volume (ML)","wastewater.vol","urban.metabolism","Wastewater",,,,,,"ignore",1,"m3/m3",1000,,,"ignore",,,,,,,,,,,,,,
88,"Loading (kt BOD)","wastewater.load","urban.metabolism","Wastewater",,,,,,"ignore","NA","NA",,"NA",,"ignore",,,,,,,,,,,,,,
89,"Solid waste disposal - land (Kt)","waste.landfill","urban.metabolism","Waste",,,,,,"ignore",,,,,,45,"ﾣ/tonne",1570,,"Median value from http://www.teag.org.uk/cost-comparison.pdf",,,,,,,,,,
90,"Waste incineration (Kt)","waste.incineration","urban.metabolism","Waste",,,,,,"ignore",,,,,,80,"ﾣ/tonne",1570,,"Median value from http://www.teag.org.uk/cost-comparison.pdf",,,,,,,,,,
91,"Total solid waste  disposal (kt)","waste.total","urban.metabolism","Waste",,,,,,"ignore",,,,,,"ignore",,,,,,"out",,,,,,,,"in"
92,"10-year growth rate in solid waste disposal 2001-2011 (%)","waste.growth","urban.metabolism","Waste",,,,,,"ignore",,,,,,"ignore",,,,,,,,,,,,,,
93,"Other_13","waste.other","urban.metabolism","Waste",,,,,,"ignore",,,,,,"ignore",,,,,,,,,,,,,,
94,"Coal (%)","elec.coal","urban.metabolism","Electricity.sources",,0.32648,0.32648,"kgCO2e/kWh","Table 1c","ignore",0.16,"m3/GJ",,"http://www.waterfootprint.org/",,"ignore",,,,,,,,,,,,,,
95,"Oil (%)","elec.oil","urban.metabolism","Electricity.sources",,0.26826,0.26826,"kgCO2e/kWh","Table 1c","ignore",1.06,"m3/GJ",,"http://www.waterfootprint.org/",,"ignore",,,,,,,,,,,,,,
96,"Natural gas (%)","elec.gas","urban.metabolism","Electricity.sources",,0.18521,0.18521,"kgCO2e/kWh","Table 1c","ignore",0.11,"m3/GJ",,"http://www.waterfootprint.org/",,"ignore",,,,,,,,,,,,,,
97,"Hydropower (%)","elec.hydro","urban.metabolism","Electricity.sources",,0,0,,,"ignore",22,"m3/GJ",,"http://www.waterfootprint.org/",,"ignore",,,,,,,,,,,,,,
98,"Nuclear (%)","elec.nuclear","urban.metabolism","Electricity.sources",,"FIND ELSEWHERE","FIND ELSEWHERE",,,"ignore",0.09,"m3/GJ",,"http://www.waterfootprint.org/",,"ignore",,,,,,,,,,,,,,
99,"Off-site wind (%)","elec.wind","urban.metabolism","Electricity.sources",,0,0,,,"ignore",0,"m3/GJ",,"http://www.waterfootprint.org/",,"ignore",,,,,,,,,,,,,,
100,"Off-site solar (%)","elec.solar","urban.metabolism","Electricity.sources",,0,0,,,"ignore",0.27,"m3/GJ",,"http://www.waterfootprint.org/",,"ignore",,,,,,,,,,,,,,
101,"Other","elec.other","urban.metabolism","Electricity.sources",,0.24591,0.24591,"kgCO2e/kWh","Table 1c (refinery misc.)","ignore",,,,,,"ignore",,,,,,,,,,,,,,
102,"GHG emissions factor (t CO2e / GWh)","elec.emissionsFactor","urban.metabolism","Electricity.sources",,"NA","NA","NA","NA","NA","NA","NA",,"NA",,"NA",,,,,,,,,,,,,,
103,"GHG emissions factor.gas","elec.emissionsFactor.gas","urban.metabolism","Electricity.sources",,"NA","NA","NA","NA","NA","NA","NA",,"NA",,"NA",,,,,,,,,,,,,,
104,"residential (%)","elec.consumption.res","urban.metabolism","Electricity.consumption",,"NA","NA","NA","NA","NA","NA","NA",,"NA",,"NA",,,,,,,,,,,,,,
105,"commercial/institutional (%)","elec.consumption.comm","urban.metabolism","Electricity.consumption",,"NA","NA","NA","NA","NA","NA","NA",,"NA",,"NA",,,,,,,,,,,,,,
106,"industrial (%)","elec.consumption.ind","urban.metabolism","Electricity.consumption",,"NA","NA","NA","NA","NA","NA","NA",,"NA",,"NA",,,,,,,,,,,,,,
107,"transportation (%)","transportation (%)","urban.metabolism","Electricity.consumption",,"NA","NA","NA","NA","NA","NA","NA",,"NA",,"NA",,,,,,,,,,,,,,
108,"elec.consumption.energyIndustry","elec.consumption.energyIndustry","urban.metabolism","Electricity.consumption",,"NA","NA","NA","NA","NA","NA","NA",,"NA",,"NA",,,,,,,,,,,,,,
109,"elec.consumption.govtAgriculture","elec.consumption.govtAgriculture","urban.metabolism","Electricity.consumption",,"NA","NA","NA","NA","NA","NA","NA",,"NA",,"NA",,,,,,,,,,,,,,
110,"elec.consumption.transportation","elec.consumption.transportation","urban.metabolism","Electricity.consumption",,"NA","NA","NA","NA","NA","NA","NA",,"NA",,"NA",,,,,,,,,,,,,,
111,"elec.consumption.social","elec.consumption.social","urban.metabolism","Electricity.consumption",,"NA","NA","NA","NA","NA","NA","NA",,"NA",,"NA",,,,,,,,,,,,,,
112,"elec.consumption.waterWorks","elec.consumption.waterWorks","urban.metabolism","Electricity.consumption",,"NA","NA","NA","NA","NA","NA","NA",,"NA",,"NA",,,,,,,,,,,,,,
113,"elec.consumption.bulkSupply","elec.consumption.bulkSupply","urban.metabolism","Electricity.consumption",,"NA","NA","NA","NA","NA","NA","NA",,"NA",,"NA",,,,,,,,,,,,,,
114,"elec.consumption.exports","elec.consumption.exports","urban.metabolism","Electricity.consumption",,"NA","NA","NA","NA","NA","NA","NA",,"NA",,"NA",,,,,,,,,,,,,,
115,"elec.consumption.publicLIghting","elec.consumption.publicLIghting","urban.metabolism","Electricity.consumption",,"NA","NA","NA","NA","NA","NA","NA",,"NA",,"NA",,,,,,,,,,,,,,
116,"elec.consumption.licenses","elec.consumption.licenses","urban.metabolism","Electricity.consumption",,"NA","NA","NA","NA","NA","NA","NA",,"NA",,"NA",,,,,,,,,,,,,,
117,"elec.consumption.insitutional","elec.consumption.insitutional","urban.metabolism","Electricity.consumption",,"NA","NA","NA","NA","NA","NA","NA",,"NA",,"NA",,,,,,,,,,,,,,
118,"elec.consumption.losses","elec.consumption.losses","urban.metabolism","Electricity.consumption",,"NA","NA","NA","NA","NA","NA","NA",,"NA",,"NA",,,,,,,,,,,,,,
119,"elec.consumption.other","elec.consumption.other","urban.metabolism","Electricity.consumption",,"NA","NA","NA","NA","NA","NA","NA",,"NA",,"NA",,,,,,,,,,,,,,
120,"elec.consumption.agriculture","elec.consumption.agriculture","urban.metabolism","Electricity.consumption",,"NA","NA","NA","NA","NA","NA","NA",,"NA",,"NA",,,,,,,,,,,,,,
121,"residential (%)","elec.consumption.stat.res","urban.metabolism","Stationary.energy.consumption",,"NA","NA","NA","NA","NA","NA","NA",,"NA",,"NA",,,,,,,,,,,,,,
122,"commercial/institutional (%)","elec.consumption.stat.comm","urban.metabolism","Stationary.energy.consumption",,"NA","NA","NA","NA","NA","NA","NA",,"NA",,"NA",,,,,,,,,,,,,,
123,"industrial (%)","elec.consumption.stat.ind","urban.metabolism","Stationary.energy.consumption",,"NA","NA","NA","NA","NA","NA","NA",,"NA",,"NA",,,,,,,,,,,,,,
124,"elec.consumption.stat.transp","elec.consumption.stat.transp","urban.metabolism","Stationary.energy.consumption",,"NA","NA","NA","NA","NA","NA","NA",,"NA",,"NA",,,,,,,,,,,,,,
125,"elec.consumption.stat.resCom","elec.consumption.stat.resCom","urban.metabolism","Stationary.energy.consumption",,"NA","NA","NA","NA","NA","NA","NA",,"NA",,"NA",,,,,,,,,,,,,,
126,"other.consumption.stat.institutional","other.consumption.stat.institutional","urban.metabolism","Stationary.energy.consumption",,"NA","NA","NA","NA","NA","NA","NA",,"NA",,"NA",,,,,,,,,,,,,,
127,"Buliding materials",,"urban.metabolism","Materials",,,,,,"NA",,,,,,,,,,,,,,,,,,,,
128,"net import (Kt)","building.cement.import","urban.metabolism","Materials","cement",0.95,0,"kgCO2e/kg","Bath Uni",1000000,"http://www.carbonfootprint.com/factors.aspx",,,,,,,,,,,"in",,,,,,,"in",
129,"production (Kt)","building.cement.prod","urban.metabolism","Materials","cement",0.95,0,"kgCO2e/kg","Bath Uni","ignore","http://www.carbonfootprint.com/factors.aspx",,,,,"ignore",,,,,,,,,,,,,,
130,"consumption (Kt)","building.cement.consume","urban.metabolism","Materials","cement",0.95,0,"kgCO2e/kg","Bath Uni","ignore","http://www.carbonfootprint.com/factors.aspx",,,,,"ignore",,,,,,,,,,,,,,
131,"net import (Kt)","building.steel.import","urban.metabolism","Materials","steel",0.72,0.72,"kgCO2e/kg","Bath Uni",1000000,"http://www.carbonfootprint.com/factors.aspx",,,,,659,"$/tonne",1000,,"Nov-14 price for composite carbon steel from http://www.worldsteelprices.com/",,"in",,,,,,,"in",
132,"production (Kt)","building.steel.prod","urban.metabolism","Materials","steel",0.72,0.72,"kgCO2e/kg","Bath Uni","ignore","http://www.carbonfootprint.com/factors.aspx",,,,,"ignore",,,,,,,,,,,,,,
133,"consumption (Kt)","building.steel.consume","urban.metabolism","Materials","steel",0.72,0.72,"kgCO2e/kg","Bath Uni","ignore","http://www.carbonfootprint.com/factors.aspx",,,,,"ignore",,,,,,,,,,,,,,
134,"net import (Kt)","building.bricksAndOthers.import","urban.metabolism","Materials","bricks and others",0.24,0.24,"kgCO2e/kg","Bath Uni",1000000,"http://www.carbonfootprint.com/factors.aspx",,,,,,,,,,,"in",,,,,,,"in",
135,"production (Kt)","building.bricksAndOthers.prod","urban.metabolism","Materials","bricks and others",0.24,0.24,"kgCO2e/kg","Bath Uni","ignore","http://www.carbonfootprint.com/factors.aspx",,,,,,,,,,,,,,,,,,,
136,"consumption (Kt)","building.bricksAndOthers.consume","urban.metabolism","Materials","bricks and others",0.24,0.24,"kgCO2e/kg","Bath Uni","ignore","http://www.carbonfootprint.com/factors.aspx",,,,,,,,,,,,,,,,,,,
137,"net import (Kt)","building.al.import","urban.metabolism","Materials","alumnium",9.18,9.18,"kgCO2e/kg","Bath Uni (Rolled (typical))",1000000,"http://www.carbonfootprint.com/factors.aspx",,,,,2373,"$/tonne",1000,,"http://www.ft.com/cms/s/0/41ca438e-11a8-11e4-b356-00144feabdc0.html#axzz3Kfg4MhsD",,"in",,,,,,,"in",
138,"production (Kt)","building.al.prod","urban.metabolism","Materials","aluminium",9.18,9.18,"kgCO2e/kg","Bath Uni (Rolled (typical))","ignore","http://www.carbonfootprint.com/factors.aspx",,,,,"ignore",,,,,,,,,,,,,,
139,"consumption (Kt)","building.al.consume","urban.metabolism","Materials","aluminium",9.18,9.18,"kgCO2e/kg","Bath Uni (Rolled (typical))","ignore","http://www.carbonfootprint.com/factors.aspx",,,,,"ignore",,,,,,,,,,,,,,
140,"net import (Kt)","building.other.2.imports","urban.metabolism","Materials","paintsCeramics",0.7,0.7,"kgCO2e/kg","Bath Uni (General Ceramics)",1000000,"http://www.carbonfootprint.com/factors.aspx",,,,,,,,,,,"in",,,,,,,"in",
141,"production (Kt)","building.other.2.prod","urban.metabolism","Materials","paintsCeramics",0.7,0.7,"kgCO2e/kg","Bath Uni (General Ceramics)","ignore","http://www.carbonfootprint.com/factors.aspx",,,,,,,,,,,,,,,,,,,
142,"consumption (Kt)","building.other.2.consume","urban.metabolism","Materials","paintsCeramics",0.7,0.7,"kgCO2e/kg","Bath Uni (General Ceramics)","ignore","http://www.carbonfootprint.com/factors.aspx",,,,,,,,,,,,,,,,,,,
143,"net import (Kt)","food.import","urban.metabolism","Food","general",,,,,1000000,"http://www.carbonfootprint.com/factors.aspx",,,,,,,,,,,"in",,,,,,,"in",
144,"production (Kt)","food.prod","urban.metabolism","Food","general",,,,,"ignore","http://www.carbonfootprint.com/factors.aspx",,,,,,,,,,,,,,,,,,,
145,"consumption (Kt)","food.consume","urban.metabolism","Food","general",,,,,"ignore","http://www.carbonfootprint.com/factors.aspx",,,,,,,,,,,,,,,,,,,
146,"net import (Kt)","paper.import","urban.metabolism","materials","paper",1.49,1.49,"kgCO2e/kg","Bath Uni (Fine Paper)",1000000,"http://www.carbonfootprint.com/factors.aspx",,,,,,,,,,,"in",,,,,,,"in",
147,"production (Kt)","paper.prod","urban.metabolism","materials","paper",1.49,1.49,"kgCO2e/kg","Bath Uni (Fine Paper)","ignore","http://www.carbonfootprint.com/factors.aspx",,,,,,,,,,,,,,,,,,,
148,"consumption (Kt)","paper.consume","urban.metabolism","materials","paper",1.49,1.49,"kgCO2e/kg","Bath Uni (Fine Paper)","ignore","http://www.carbonfootprint.com/factors.aspx",,,,,,,,,,,,,,,,,,,
149,"net import (Kt)","plastic.import","urban.metabolism","materials","plastic",3.31,3.31,"kgCO2e/kg","Bath Uni (General Plastic)",1000000,"http://www.carbonfootprint.com/factors.aspx",,,,,,,,,,,"in",,,,,,,"in",
150,"production (Kt)","plastic.prod","urban.metabolism","materials","plastic",3.31,3.31,"kgCO2e/kg","Bath Uni (General Plastic)","ignore","http://www.carbonfootprint.com/factors.aspx",,,,,,,,,,,,,,,,,,,
151,"consumption (Kt)","plastic.consume","urban.metabolism","materials","plastic",3.31,3.31,"kgCO2e/kg","Bath Uni (General Plastic)","ignore","http://www.carbonfootprint.com/factors.aspx",,,,,,,,,,,,,,,,,,,
152,"net import (Kt)","veg.import","urban.metabolism","food","veg",,,,,1000000,,,,,,,,,,,,"in",,,,,,,"in",
153,"production (Kt)","veg.prod","urban.metabolism","food","veg",,,,,"ignore",,,,,,,,,,,,,,,,,,,,
154,"consumption (Kt)","veg.consume","urban.metabolism","food","veg",,,,,"ignore",,,,,,,,,,,,,,,,,,,,
155,"net import (Kt)","fruit.import","urban.metabolism","food","fruit",,,,,1000000,,,,,,,,,,,,"in",,,,,,,"in",
156,"production (Kt)","fruit.prod","urban.metabolism","food","fruit",,,,,"ignore",,,,,,,,,,,,,,,,,,,,
157,"consumption (Kt)","fruit.consume","urban.metabolism","food","fruit",,,,,"ignore",,,,,,,,,,,,,,,,,,,,
158,"net import (Kt)","snacks.import","urban.metabolism","food","snacks",,,,,1000000,,,,,,,,,,,,"in",,,,,,,"in",
159,"production (Kt)","snacks.prod","urban.metabolism","food","snacks",,,,,"ignore",,,,,,,,,,,,,,,,,,,,
160,"consumption (Kt)","snacks.consume","urban.metabolism","food","snacks",,,,,"ignore",,,,,,,,,,,,,,,,,,,,
161,"net import (Kt)","preparedFoods.import","urban.metabolism","food","preparedFoods",,,,,1000000,,,,,,,,,,,,"in",,,,,,,"in",
162,"production (Kt)","preparedFoods.prod","urban.metabolism","food","preparedFoods",,,,,"ignore",,,,,,,,,,,,,,,,,,,,
163,"consumption (Kt)","preparedFoods.consume","urban.metabolism","food","preparedFoods",,,,,"ignore",,,,,,,,,,,,,,,,,,,,
164,"net import (Kt)","solidFats,import","urban.metabolism","food","solidFats",,,,,1000000,,,,,,,,,,,,"in",,,,,,,"in",
165,"production (Kt)","solidFats.prod","urban.metabolism","food","solidFats",,,,,"ignore",,,,,,,,,,,,,,,,,,,,
166,"consumption (Kt)","solidFats.consume","urban.metabolism","food","solidFats",,,,,"ignore",,,,,,,,,,,,,,,,,,,,
167,"net import (Kt)","rice.import","urban.metabolism","food","rice",,,,,1000000,,,,,,,,,,,,"in",,,,,,,"in",
168,"production (Kt)","rice.prod","urban.metabolism","food","rice",,,,,"ignore",,,,,,,,,,,,,,,,,,,,
169,"consumption (Kt)","rice.consume","urban.metabolism","food","rice",,,,,"ignore",,,,,,,,,,,,,,,,,,,,
170,"net import (Kt)","spinach.import","urban.metabolism","food","spinach",,,,,1000000,,,,,,,,,,,,"in",,,,,,,"in",
171,"production (Kt)","spinach,prod","urban.metabolism","food","spinach",,,,,"ignore",,,,,,,,,,,,,,,,,,,,
172,"consumption (Kt)","spinach.consume","urban.metabolism","food","spinach",,,,,"ignore",,,,,,,,,,,,,,,,,,,,
173,"net import (Kt)","waterSpinach.import","urban.metabolism","food","waterSpinach",,,,,1000000,,,,,,,,,,,,"in",,,,,,,"in",
174,"production (Kt)","water.Spinach.prod","urban.metabolism","food","waterSpinach",,,,,"ignore",,,,,,,,,,,,,,,,,,,,
175,"consumption (Kt)","waterSpinach.consume","urban.metabolism","food","waterSpinach",,,,,"ignore",,,,,,,,,,,,,,,,,,,,
176,"net import (Kt)","sawi.import","urban.metabolism","food","sawi",,,,,1000000,,,,,,,,,,,,"in",,,,,,,"in",
177,"production (Kt)","sawi,prod","urban.metabolism","food","sawi",,,,,"ignore",,,,,,,,,,,,,,,,,,,,
178,"consumption (Kt)","sawi.consume","urban.metabolism","food","sawi",,,,,"ignore",,,,,,,,,,,,,,,,,,,,
179,"net import (Kt)","cereals.import","urban.metabolism","food","cereals",,,,,1000000,,,,,,,,,,,,"in",,,,,,,"in",
180,"production (Kt)","cereals.prod","urban.metabolism","food","cereals",,,,,"ignore",,,,,,,,,,,,,,,,,,,,
181,"consumption (Kt)","cereals.consume","urban.metabolism","food","cereals",,,,,"ignore",,,,,,,,,,,,,,,,,,,,
182,"net import (Kt)","pulses.import","urban.metabolism","food","pulses",,,,,1000000,,,,,,,,,,,,"in",,,,,,,"in",
183,"production (Kt)","pulses.prod","urban.metabolism","food","pulses",,,,,"ignore",,,,,,,,,,,,,,,,,,,,
184,"consumption (Kt)","pulses.consume","urban.metabolism","food","pulses",,,,,"ignore",,,,,,,,,,,,,,,,,,,,
185,"net import (Kt)","meat.import","urban.metabolism","food","meat",,,,,1000000,,,,,,,,,,,,"in",,,,,,,"in",
186,"production (Kt)","meat.prod","urban.metabolism","food","meat",,,,,"ignore",,,,,,,,,,,,,,,,,,,,
187,"consumption (Kt)","meat.consume","urban.metabolism","food","meat",,,,,"ignore",,,,,,,,,,,,,,,,,,,,
188,"net import (Kt)","dairy.import","urban.metabolism","food","dairy",,,,,1000000,,,,,,,,,,,,"in",,,,,,,"in",
189,"production (Kt)","dairy.prod","urban.metabolism","food","dairy",,,,,"ignore",,,,,,,,,,,,,,,,,,,,
190,"consumption (Kt)","diary.consume","urban.metabolism","food","dairy",,,,,"ignore",,,,,,,,,,,,,,,,,,,,
191,"net import (Kt)","unclear.import","urban.metabolism","food","unclear",,,,,1000000,,,,,,,,,,,,"in",,,,,,,"in",
192,"production (Kt)","unclear.prod","urban.metabolism","food","unclear",,,,,"ignore",,,,,,,,,,,,,,,,,,,,
193,"consumption (Kt)","unclear.consume","urban.metabolism","food","unclear",,,,,"ignore",,,,,,,,,,,,,,,,,,,,
194,"net import (Kt)","wheat.import","urban.metabolism","food","wheat",,,,,1000000,,,,,,,,,,,,"in",,,,,,,"in",
195,"production (Kt)","wheat.prod","urban.metabolism","food","wheat",,,,,"ignore",,,,,,,,,,,,,,,,,,,,
196,"consumption (Kt)","wheat.consume","urban.metabolism","food","wheat",,,,,"ignore",,,,,,,,,,,,,,,,,,,,
197,"net import (Kt)","maize.import","urban.metabolism","food","maize",,,,,1000000,,,,,,,,,,,,"in",,,,,,,"in",
198,"production (Kt)","maize.prod","urban.metabolism","food","maize",,,,,"ignore",,,,,,,,,,,,,,,,,,,,
199,"consumption (Kt)","maize.consume","urban.metabolism","food","maize",,,,,"ignore",,,,,,,,,,,,,,,,,,,,
200,"net import (Kt)","soybean.import","urban.metabolism","food","soybean",,,,,1000000,,,,,,,,,,,,"in",,,,,,,"in",
201,"production (Kt)","soybean.prod","urban.metabolism","food","soybean",,,,,"ignore",,,,,,,,,,,,,,,,,,,,
202,"consumption (Kt)","soybean.consume","urban.metabolism","food","soybean",,,,,"ignore",,,,,,,,,,,,,,,,,,,,
203,"net import (Kt)","random.import","urban.metabolism","other","random",,,,,1000000,,,,,,,,,,,,"in",,,,,,,"in",
204,"production (Kt)","random.prod","urban.metabolism","other","random",,,,,"ignore",,,,,,,,,,,,,,,,,,,,
205,"consumption (Kt)","random.consume","urban.metabolism","other","random",,,,,"ignore",,,,,,,,,,,,,,,,,,,,
206,"# of local distributors","elec.distributers.number","Utilities","Ut.Electricity",,,,,,,,,,,,,,,,,,,,,,,,,,
207,"Local distributers Ownership (public/private)","elec.distributers.ownership","Utilities","Ut.Electricity",,,,,,,,,,,,,,,,,,,,,,,,,,
208,"Local distributers Dominant distributor (yes/no)?","elec.distributers.dominant","Utilities","Ut.Electricity",,,,,,,,,,,,,,,,,,,,,,,,,,
209,"# of power suppliers","elec.suppliers.number","Utilities","Ut.Electricity",,,,,,,,,,,,,,,,,,,,,,,,,,
210,"Power suppliers Ownership (public/private)","elec.suppliers.ownership","Utilities","Ut.Electricity",,,,,,,,,,,,,,,,,,,,,,,,,,
211,"Power suppliers Dominant supplier (yes/no)?","elec.suppliers.dominant","Utilities","Ut.Electricity",,,,,,,,,,,,,,,,,,,,,,,,,,
212,"Independent regulator (yes/no)?","elec.regulator","Utilities","Ut.Electricity",,,,,,,,,,,,,,,,,,,,,,,,,,
213,"Feed-in tarrifs (yes/no)?","elec.feedInTarrifs","Utilities","Ut.feed.in",,,,,,,,,,,,,,,,,,,,,,,,,,
214,"Other incentives (yes/no)?","elec.incentives","Utilities","Ut.incentives.other",,,,,,,,,,,,,,,,,,,,,,,,,,
215,"# of electric vehicles","elec.vehicles.number","Utilities",,,,,,,,,,,,,,,,,,,,,,,,,,,
216,"# of electric vehicle charging points","elec.vehicles.charging","Utilities",,,,,,,,,,,,,,,,,,,,,,,,,,,
217,"# of buildings with PV","elec.buildings.PV","Utilities",,,,,,,,,,,,,,,,,,,,,,,,,,,
218,"% consumption from independent generators","elec.independentGeneration","Utilities",,,,,,,,,,,,,,,,,,,,,,,,,,,
219,"# of local distributors","gas.distributors.number","Utilities","Ut.Natural.gas",,,,,,,,,,,,,,,,,,,,,,,,,,
220,"Ownership (public/private)","gas.distributors.ownership","Utilities","Ut.Natural.gas",,,,,,,,,,,,,,,,,,,,,,,,,,
221,"Independent regulator (yes/no)?","gas.regulator","Utilities","Ut.Natural.gas",,,,,,,,,,,,,,,,,,,,,,,,,,
222,"# of natural gas vehicles","gas.vehicles.number","Utilities","Ut.Natural.gas",,,,,,,,,,,,,,,,,,,,,,,,,,
223,"# of district heaing/cooling distributors","districtHeating.number","Utilities","Ut.District.heating",,,,,,,,,,,,,,,,,,,,,,,,,,
224,"Ownership (public/private)","districtHeating.ownership","Utilities","Ut.District.heating",,,,,,,,,,,,,,,,,,,,,,,,,,
225,"% city heating/cooling consumption from district schemes","districtHeating.percentage","Utilities","Ut.District.heating",,,,,,,,,,,,,,,,,,,,,,,,,,
226,"# of local distributors","water.distributors.number","Utilities","Ut.Water",,,,,,,,,,,,,,,,,,,,,,,,,,
227,"Ownership (public/private)","water.distributors.ownership","Utilities","Ut.Water",,,,,,,,,,,,,,,,,,,,,,,,,,
228,"Independent regulator (yes/no)?","water.regulator","Utilities","Ut.Water",,,,,,,,,,,,,,,,,,,,,,,,,,
229,"# of local collectors","wastewater.collectors.number","Utilities","Ut.Wastewater",,,,,,,,,,,,,,,,,,,,,,,,,,
230,"Ownership (public/private)","wastewater.ownership","Utilities","Ut.Wastewater",,,,,,,,,,,,,,,,,,,,,,,,,,
231,"% population with access to internet","ict.internet","Utilities","Ut.ICT",,,,,,,,,,,,,,,,,,,,,,,,,,
232,"% population using mobile phones","ict.mobiles","Utilities","Ut.ICT",,,,,,,,,,,,,,,,,,,,,,,,,,
233,"% households without direct access to water","service.noWater","Utilities","Ut.Service.quality",,,,,,,,,,,,,,,,,,,,,,,,,,
234,"% households without direct access to drinkable H2O","service.noDrinking","Utilities","Ut.Service.quality",,,,,,,,,,,,,,,,,,,,,,,,,,
235,"% households without sewerage","service.noSewerage","Utilities","Ut.Service.quality",,,,,,,,,,,,,,,,,,,,,,,,,,
236,"% waste water subject to treatment","service.wastewaterTreatment","Utilities","Ut.Service.quality",,,,,,,,,,,,,,,,,,,,,,,,,,
237,"% households living without public waste collection","service.noWasteCollection","Utilities","Ut.Service.quality",,,,,,,,,,,,,,,,,,,,,,,,,,
238,"% households without grid electricity connection","service.noGrid","Utilities","Ut.Service.quality",,,,,,,,,,,,,,,,,,,,,,,,,,
239,"Average # of hours per year without electricity supply","service.hoursNoElec","Utilities","Ut.Service.quality",,,,,,,,,,,,,,,,,,,,,,,,,,
