"","City","Year","Var.3","area.floor.commercial","area.floor.gross","area.floor.industrial","area.floor.residential","area.land","area.urbanised","bio","building.al.consume","building.al.import","building.al.prod","building.bricksAndOthers.consume","building.bricksAndOthers.import","building.bricksAndOthers.prod","building.cement.consume","building.cement.import","building.cement.prod","building.other.2.consume","building.other.2.imports","building.other.2.prod","building.steel.consume","building.steel.import","building.steel.prod","cereals.consume","cereals.import","cereals.prod","coal","coord.bodies","dairy.import","dairy.prod","degreeDays.cooling","degreeDays.heating","diary.consume","diesel","districtHeating.number","districtHeating.ownership","districtHeating.percentage","elec.buildings.PV","elec.coal","elec.consumption.agriculture","elec.consumption.bulkSupply","elec.consumption.comm","elec.consumption.energyIndustry","elec.consumption.exports","elec.consumption.govtAgriculture","elec.consumption.ind","elec.consumption.insitutional","elec.consumption.licenses","elec.consumption.losses","elec.consumption.other","elec.consumption.publicLIghting","elec.consumption.res","elec.consumption.social","elec.consumption.stat.comm","elec.consumption.stat.ind","elec.consumption.stat.res","elec.consumption.stat.resCom","elec.consumption.stat.transp","elec.consumption.transportation","elec.consumption.waterWorks","elec.distributers.dominant","elec.distributers.number","elec.distributers.ownership","elec.emissionsFactor","elec.emissionsFactor.gas","elec.feedInTarrifs","elec.gas","elec.grid","elec.growth","elec.hydro","elec.incentives","elec.independentGeneration","elec.losses","elec.nuclear","elec.oil","elec.other","elec.regulator","elec.renewable","elec.solar","elec.suppliers.dominant","elec.suppliers.number","elec.suppliers.ownership","elec.total.Gwh","elec.total.TJ","elec.vehicles.charging","elec.vehicles.number","elec.wind","energy.stat.heating.fuel","energy.stat.res.comm.heating","energy.total","energy.total.2001","energy.total.2006","energy.total.2011","energy.total.growth","energy.transp","energy.transp.growth","food.consume","food.import","food.prod","fruit.consume","fruit.import","fruit.prod","fuel.jet","fuel.marine","gas","gas.distributors.number","gas.distributors.ownership","gasoline","gas.regulator","gas.vehicles.number","gdp","gdp.growth","gdp.ppp","govt.metro","ict.internet","ict.mobiles","maize.consume","maize.import","maize.prod","meat.consume","meat.import","meat.prod","oil","other.CNG","other.consumption.stat.institutional","other.mobile.aviationGasoline","other.mobile.biodiesel","other.mobile.compressedNaturalGas","other.mobile.dieselOil","other.mobile.electricity","other.mobile.electricityMetro","other.mobile.electricTraction","other.mobile.ethanol","other.mobile.fuelOil","other.mobile.kerosene","other.mobile.LPG","other.mobile.LPGauto","other.mobile.mazut","other.mobile.naturalGas","other.mobile.oil","other.mobile.oilProducts","other.stat.coalProducts","other.stat.crudeOil","other.stat.diesel","other.stat.fuelOil","other.stat.furnaceOil","other.stat.greases","other.stat.heat","other.stat.kerosene","other.stat.LPG","other.stat.LPG.bulked.packed","other.stat.mineralOil","other.stat.misc","other.stat.oilProducts","other.stat.steam","other.stat.totalNonElectric","other.stat.townGas","paper.consume","paper.import","paper.prod","plastic.consume","plastic.import","plastic.prod","pop.brinkhoff","pop.density.survey","pop.density.worldbank","pop.growth","pop.survery","precip.annual","preparedFoods.consume","preparedFoods.import","preparedFoods.prod","pulses.consume","pulses.import","pulses.prod","random.consume","random.import","random.prod","rice.consume","rice.import","rice.prod","sawi.consume","sawi.import","sawi,prod","service.hoursNoElec","service.noDrinking","service.noGrid","service.noSewerage","service.noWasteCollection","service.noWater","service.wastewaterTreatment","snacks.consume","snacks.import","snacks.prod","solarRad.annual","solidFats.consume","solidFats,import","solidFats.prod","soybean.consume","soybean.import","soybean.prod","spinach.consume","spinach.import","spinach,prod","transportation (%)","unclear.consume","unclear.import","unclear.prod","veg.consume","veg.import","veg.prod","waste.growth","waste.incineration","waste.landfill","waste.other","waste.total","wastewater.collectors.number","wastewater.load","wastewater.ownership","wastewater.vol","water","water.distributors.number","water.distributors.ownership","water.growth","water.loss","water.loss.exc","water.loss.inc","water.loss.percent","water.production","water.production.ground","water.production.surface","water.regulator","waterSpinach.consume","waterSpinach.import","water.Spinach.prod","wheat.consume","wheat.import","wheat.prod"
"1","Beijing",2001,"","176070000","377165000","","201095000","16411","","","","","","","","","","","7273","","","","","","8090","","","","","","","","","","","43940.89","","","","","89.51","","","","","","","","","","","","","","","","","","","","","","","","","952.86","","","0.23","36319","122.16","3.8","","","3511","0","6.46","","","","","","","","36319","130748.4","","","0","622978.85","","910275.68","910275.69","","","53.69","156548.43","191.4","","","","","","","","","","","","59375.28","","","370800000000","244.37","112363636364","","","","","","","","","","","","","","","","","","","","","","53232.27","","","","","","","","","","","","","","","","","","","","","622978.85","","","","","","","","","","","","13851000","","","","","","","","","","","","","","","","","","","","","","","","","","","","","","","","","","","","","","","","","","","","#DIV/0!","","","","","","170","","865415","3890000","","","-7.46","595170","3890000","4485170","0.153","3890000","2720000","1170000","","","","","","",""
"2","Beijing",2006,NA,"244040000","570690000",NA,"326650000","16411",NA,NA,NA,NA,NA,NA,NA,NA,NA,NA,"10163",NA,NA,NA,NA,NA,"12694",NA,NA,NA,NA,NA,NA,NA,NA,NA,NA,"75285.05",NA,NA,NA,NA,"62.29",NA,NA,NA,NA,NA,NA,NA,NA,NA,NA,NA,NA,NA,NA,NA,NA,NA,NA,NA,NA,NA,NA,NA,NA,"748.8",NA,NA,"0","57535",NA,"21.07",NA,NA,"4364","0","14.09",NA,NA,NA,NA,NA,NA,NA,"57535","207126",NA,NA,"2.55","728408.16",NA,"1229261.63",NA,"1229261.63",NA,NA,"293727.47",NA,NA,NA,NA,NA,NA,NA,NA,NA,NA,NA,NA,"119372.81",NA,NA,"8.1178e+11",NA,"231937142857",NA,NA,NA,NA,NA,NA,NA,NA,NA,NA,NA,NA,NA,NA,NA,NA,NA,NA,NA,NA,NA,"99069.61",NA,NA,NA,NA,NA,NA,NA,NA,NA,NA,NA,NA,NA,NA,NA,NA,NA,NA,NA,NA,"728408.16",NA,NA,NA,NA,NA,NA,NA,NA,NA,NA,NA,"16010000",NA,NA,NA,NA,NA,NA,NA,NA,NA,NA,NA,NA,NA,NA,NA,NA,NA,NA,NA,NA,NA,NA,NA,NA,NA,NA,NA,NA,NA,NA,NA,NA,NA,NA,NA,NA,NA,NA,NA,NA,NA,NA,NA,NA,"98","4683","196","4781",NA,"109.87",NA,"1292100","3430000",NA,NA,NA,"524790","3430000","3954790","0.153","3430000","2220000","570000",NA,NA,NA,NA,NA,NA,NA
"3","Beijing",2011,"","368730000","809860000","","441130000","16411","3377.15","","","","","","","","","","9232.9","","","","","","2895.8","","","","","Y","","","218","2955","","102603.65","1-2","public","unknown","unknown","43.54","","","11.34","","","","29.8","","","","","","17.9","","13.2","32","32.1","","","","","Y","1-2","public","608.51","","","27.8","80686","","12.29","Y","unknown","4682","0","9.84","","Y","","","Y","1-2","public","80686","290469.6","1274","21628","6.16","652342.88","295511.33","1399001.72","","","1399001.73","","456189.24","","4596","?","6376","","","","","","","1-2","public","167783.49","Y","unknown","1625190000000","","386950000000","Y","95","97.5","","","","","","","","","","","","","","","","","","62.72","185739.38","","","","","","","","","","","","","","","","","","","","","652342.88","","","","","","","","13600000","5977","14505","45.74","20186000","720.6","","","","","","","","","","","","","","","","8","0","0","5","0","0.27","5","","","","","","","","","","","","","","7.7","","","","","","","","944.6","4295.7","991","5240.3",">5","193.2","mix","1455430","3600000","1-2","public","","550800","3600000","4150800","0.153","3600000","1880000","480000","Y","","","","","",""
"4","Buenos Aires",2001,"","","","","","","","0","","","","","","","","","","","","","","","","","","","0","","","","","","","87158","","","","","0.71","","","","","","","","","","","","","","","","","","","","","","","","","","","","45.92","24555","39.16","43.02","","","","9.35","1.01","","","0","0","","","","24555","88398","","","0","355806","","582556","582556","","","18.23","138352","-16.31","","","","","","","","","355806","","","51194","","","41615800000","109.33","52019750000","","","","","","","","","","na","","","","","","","","","","","","","","","","","","","","","","","","","","","","","","","","","","","","","","","","","","","","","11460575","","","","","","","","","","","","","","","","","","","","","","","","","","","","","","","","","","","","","","","","","","","","0.09","0","4527","","4527","","na","","na","","","","#DIV/0!","","0","0","","na","na","na","","","","","","",""
"5","Buenos Aires",2006,"","","","","","","","0","","","","","","","","","","","","","","","","","","","0","","","","","","","67415","","","","","1.14","","","","","","","","","","","","","","","","","","","","","","","","","515","","","46.55","28164","","37.46","","","","7.68","7.17","","","0","0","","","","28164","101390.4","","","0","453763","","665966.4","","665966.4","","","110813","","","","","","","","","","453763","","","43398","","","105233000000","","75166428571","","","","","","","","","","na","","","","","","","","","","","","","","","","","","","","","","","","","","","","","","","","","","","","","","","","","","","","","na","","","","","","","","","","","","","","","","","","","","","","","","","","","","","","","","","","","","","","","","","","","","","0","4081","","4081","","na","","na","1148764","","","","873708","1148764","2022472","0.761","2022471","64393","1559012","","","","","","",""
"6","Buenos Aires",2011,"","324000","","60000","2826000","3209","2477","0","","","","","","","","","","","","","","","","","","","0","Y","","","199","1174","","61474","na","na","na","unknown","2.186","","","27.5","","","","18.7","","","","","","40.7","","7.8","37.8","54.4","","","","","N","3-5","private","54","","N","50.794","34170","","30.806","N","unknown","","6.253","9.948","","N","0","0.001","N",">5","mix","34170","123012","0","0","0.012","449961","279875.74","688758","","","688758","","115785","","","","","","","","","","439663","3-5","public","54311","N","283958","283119000000","","108891923077","N","58.3","86.25","","","","","","","10298","","","","","","","","","","","","","","","","","","","","","","","","","","","","","","","","","","","","","","","","","13300000","5170","5966","11.75","12806866","1195.04","","","","","","","","","","","","","","","","","10.56","0","13.75","5","10.64","41.96","","","","1680","","","","","","","","","","1.1","","","","","","","","0","4531","","4531","1-2","na","public","943543","1242177","1-2","public","","944754","1242177","2186931","0.761","2186931","91169","1652498","Y","","","","","",""
"7","Cairo",2001,"","","","","","","","13926.3","","","","","","","","","","","","","","","","","","","213.4","","","","","","","7955.9","","","","","0.06","","","","","","","","","","","","","","","","","","","","","","","","","","","","33.69","19762.6","4.07","4.95","","","","na","61.24","","","318.32","na","","","","20080.92","72291.31","","","0.05","80878.9","","166255.69","166255.7","","","107.85","13085.48","48.05","","","","","","","81509.45","","62329.3","","","5129.58","","","","#DIV/0!","","","","","","","","","","","4409.9","","","","","","","","","","","","","","","","","","","","","","","","","","","","","","","","","","","","","","","","","","","","","16506701","","","","","","","","","","","","","","","","","","","","","","","","","","","","","","","","","","","","","","","","","","","","62.37","2111.24","3776.93","","5888.16","","na","","438000","1257882.35","","","122.41","","1257882.35","1257882.35","","2472875","105397.4","1965981.5","","","","","","",""
"8","Cairo",2006,"","","","","","","","15277.8","","","","","","","","","","","","","","","","","","","257.3","","","","","","","9551","","","","","0.04","","","","","","","","","","","","","","","","","","","","","","","","","","","","43.65","22044.6","","4.28","","","3440.4","na","51.85","","","532.84","na","","","","22577.44","81278.78","","","0.18","237330.4","","334013.6","","334013.6","","","15404.42","","","","","","","","98096.72","","216581","","","5853.42","","","","","","","","","","","","","","","5214.3","","","","","","","","","","","","","","","","","","","","","","","","","","","","","","","","","","","","","","","","","","","","","19109760","","","","","","","","","","","","","","","","","","","","","","","","","","","","","","","","","","","","","","","","","","","","","2872","4662.88","","7534.87","","na","","2664500","1910830.85","","","","","1910830.85","1910830.85","","2755750","109114.6","2330981.3","","","","","","",""
"9","Cairo",2011,"","586169","3085100","462765","2036166","17393","1573.4","16686.8","","","","","","","","","37063","","","","","","5382","","","","275.1","Y","","","574","440","","11921.3","na","na","na","unknown","0.03","","","8","","","9.1","31.4","","","","","","42.3","","","","","","","","","Y",">5","public","","","Y","49.4","19374.1","","3.95","N","unknown","3482.8","na","48.05","","","1523.37","219 GWh","Y",">5","public","20897.47","75230.89","unknown","unknown","0.21","250964.1","","345567.99","","","345568","","19373","","","","54912572","","","","96625.27","","232860",">5","mix","7451.7","","50247","","","33501000000","Y","44.1","112.81 per 100 pop","","","","","","","1142.2","","","","","","","","","","","","","","","","","","","","","","","","","","","","","","","","","","","","","","","","","15200000","13026","8718","24.16","20495461","26","","","","","","","","","","","","","","","","","7.6","na","22.8","na","19.1","5.5","","","","2600","","","","","","","","","","9.4","","","","","","","","3025.32","6535.37","","9560.68","1-2","na","public","3066000","2797707.85","1-2","public","","171550","2797707.85","2969257.85","0.061","3202875","141893.8","2695981.3","","","","","","",""
"10","Delhi",2001,"","","","","","","","~0","","","","","","","","","","","","","","","","","","","~0","","","","","","","48040.6","","","","","38.46","","","","","","","","","","","","","","","","","","","","","","","","","","","","61.53","9713","123.41","0","","","372.97","0","~0","","","0","0","","","","9713","34966.8","","","0","36708.09","","146491.29","146491.29","","","57.16","74816.4","32.96","","","","","","","27993.07","0","na","","","26775.8","","","668660000000","187.68","49166176471","","","","","","","","","","","","","","","","","","na","","","","","","","","na","","","","","2774.55","","174.31","177.68","","9225.14","","23284.96","1071.44","","","","","","","","","","","","","","","","13850507","","","","","","","","","","","","","data are doubtful","","","","","","","","","","","","","","","","","","","","","","","","","","","","","","","86.32","","2233","","2233","","112.42","","842730.2","781142.86","","","28.79","312457.14","781142.86","1093600","0.4","871742.2","111903.5","759838.7","","","","","","",""
"11","Delhi",2006,"","","","","","","","~0","","","","","","","","","","","","","","","","","","","~0","","","","","","","60778.1","","","","","38.46","","","","","","","","","","","","","","","","","","","","","","","","","","","","61.5","15104","","0","","","143.48","0","~0","","","0","0","","","","15104","54374.4","","","0","38592.66","","189383.7","","189383.7","","","96416.64","","","","","","","","51867.67","0","1462.8","","","32998.8","","","1005350000000","","68391156463","","","","","","","","","","","","","","","","","","1879.2","","","","","","","","760.54","","","","","968.32","","na","51.53","","7482.81","","28539.95","87.25","","","","","","","","","","","","","","","","16200000","","","","","","","","","","","","","","","","","","","","","","","","","","","","","","","","","","","","","","","","","","","","","","2443","","2443","","88.7","","884176","798928.47","","","","319571.39","798928.47","1118499.86","0.4","897991.2","111903.5","786087.7","","","","","","",""
"12","Delhi",2011,"","8520000","","3920000","55410000","1483","1113.65","~0","69.15","na","0","","","","9197.84","1610","0","288.64","na","0","3157.19","877.3","0","1649.61","383.3","10.78","~0","Y","na","na","1174","396","1240.74","42636.5","na","na","na","~0","14.2","","","25.6","","","","15.2","","0.37","","5.79","","49.2","","4","8","88","","","","3.71","N","3-5","mix","0.846","0.38","Y","85.8","21700","","0","Y","~0","252.9","0","~0","","Y","0","0","N","1-2","public","21700","78120","~0","unknown","0","52623.15","48413.3","230221.89","","","230221.89","","99478.74","","","","","957.01","","na","78655.66","0","11298","1-2","public","38168.2","na","720000","2644950000000","","141441176471","Y","17.6","68.27","","","","655.29","na","na","","","","","","","","","2923.2","","","","","","","","15750.84","","","","","192.67","","3192.91","74.6","","2206.49","","35638.57","19.91","","","","","","","","","","","","23200000","15044","12355","20.96","16753235","708.1","","","","1819.21","55.6","1.95","","","","","","","","","","730","21.6","0.9","63.69","","20","56.25","","","","1792.15","","","","","","","","","","","","","","1589.91","53.5","1.4","","1204.5","2956","","4160.5","1-2","82.18","public","925621.7","1006071.43","1-2","public","","402428.57","1006071.43","1408500","0.4","1160481","158875.4","1001605.6","na","","","","","",""
"13","Dhaka",2001,"","","","","","","","","","","","","","","","","","","","","","","","","","","7379.36","","","","","","","","","","","","0","","","","","","","","","","","","","","","","","","","","","","","","","32.449","","","87.55","4986.49","93.95","5.71","","","1301.97","0","6.74","","","0","0","","","","4986.49","17951.36","","","0","179494.23","","203005.24","203005.24","","","95.53","5559.65","143.31","","","","","","","9159.27","","137207.57","","","","","","39340000000","143.7","39340000000","","","","","","","","","","28653.49","","","","","","","","","","","","","","","","scaled from nat. data","","5559.65","","","","","","","","6253.82","","","","","","","","","","","","plastic","","","","","","","10621481","","","","","","","","","","","","","rice","","","","","","","","","","","","","","","","","","","","","","","","","","","","","","","80.95","0","766.5","","766.5","","77.84","","12973.13","193248","","","171.79","108218.88","193248","301466.88","0.56","445300","412450","32850","","","","","","",""
"14","Dhaka",2006,NA,NA,NA,NA,NA,NA,NA,NA,NA,NA,NA,NA,NA,NA,NA,NA,NA,NA,NA,NA,NA,NA,NA,NA,NA,NA,"9966.93",NA,NA,NA,NA,NA,NA,NA,NA,NA,NA,NA,"1.15",NA,NA,NA,NA,NA,NA,NA,NA,NA,NA,NA,NA,NA,NA,NA,NA,NA,NA,NA,NA,NA,NA,NA,NA,"48.17",NA,NA,"88.71","7251.71",NA,"4.65",NA,NA,"1382.18","0","5.49",NA,NA,"0","0",NA,NA,NA,"7251.71","26106.16",NA,NA,"0","252320.56",NA,"285945.7",NA,"285945.69",NA,NA,"7518.98",NA,NA,NA,NA,NA,NA,NA,"12427.37",NA,"202228.02",NA,NA,NA,NA,NA,"5.517e+10",NA,"5.517e+10",NA,NA,NA,NA,NA,NA,NA,NA,NA,"33123.02",NA,NA,NA,NA,NA,NA,NA,NA,NA,NA,NA,NA,NA,NA,NA,"0",NA,"6815.06",NA,NA,NA,NA,NA,NA,NA,"7002.59",NA,NA,NA,NA,NA,NA,NA,NA,NA,NA,NA,NA,NA,NA,NA,NA,NA,NA,"12910235",NA,NA,NA,NA,NA,NA,NA,NA,NA,NA,NA,NA,NA,NA,NA,NA,NA,NA,NA,NA,NA,NA,NA,NA,NA,NA,NA,NA,NA,NA,NA,NA,NA,NA,NA,NA,NA,NA,NA,NA,NA,NA,NA,NA,"0","985.5",NA,"985.5",NA,"226.11",NA,"18842.5","359561.5",NA,NA,NA,"129478","359561.5","489039.5","0.36","562100","489100","73000",NA,NA,NA,NA,NA,NA,NA
"15","Dhaka",2011,"","","126325000","","","1860","911.4","","","","","","","","8864.6","0","12668.25","","","","2540","0","5080","","","","24917.32","Y","","","1164","50","","","na","na","na","unknown","2.49","","","8.66","","","","51.85","","","","","","38.37","","na","an","na","","","","","N","1-2","public","51.037","","N","82.12","9058.07","","2.78","N","unknown","1089.69","0","12.61","","Y","613.2","0","Y","1-2","public","9671.27","34816.57","unknown","unknown","0","348582.61","","396926.53","","","396926.53","","13527.35","","","","","","","","7374.72","","267472.92","1-2","public","","Y","117000","95870000000","","95870000000","N","3.5","66.36","","","","","","","52517.07","","","","","","","","","","","","","","","","703.92","","9321.38","","","","","","","","3675.3","","","","","","","","","","","","","","","13600000","17135","no data","47.03","15616562","1931","","","","","","","","","","905","1561","","","","","1008","31.43","67.34","65","10","7","65","","","","1706","","","","","","","","","","1.11","","","","","","","","0","1387","","1387","1-2","66.95","public","16738.41","525235","1-2","public","","173695.21","525235","698930.21","0.331","784750","682915","101835","N","","","","345","3752","990"
"16","Guangzhou",2001,"","61154600","148290100","","87135500","","","","","","","","","","","","12040","","","","3590.3","1384.46","2400.7","","","","","","","","","","","52366.82","","","","","74.81","","","","","","","","","","","","","","","","","","","","","","","","","","","","?","25827.32","144.39","?","","","1284.65","?","24.93","0.25","","","?","","","","25827.32","92978.36","","","?","210624.93","","400565.11","400565.11","","","187.43","96961.82","230.12","","","","","","","see survey notes","","","","","34624","","","284165110000","243.51","86110639394","","","","","","","","","","","","","","","","","","","","","3315","22582","","","","","","","","","","","","","","226.43","","","","","","","210624.93","","","","","","","","","","","","9967500","","","","","","","","","","","","","","","","","","","","","","","","","","","","","","","","","","","","","","","","","","","","31.46","","2440","","2440","","567900","","3786000","8300000","","","-12.02","","8300000","8300000","0","8300000","60000","8240000","","","","","","",""
"17","Guangzhou",2006,"","114855000","285851900","","170996900","","","","","","","","","","","","19110","","","","7047.11","2105.4","6231","","","","","","","","","","","123748.41","","","","","90.64","","","","","","","","","","","","","","","","","","","","","","","","","","","","?","44000.48","","?","","","2966.58","?","9.36","?","","","?","","","","44000.48","158401.72","","","?","430320.56","","792474.06","","792474.05","","","203751.78","","","","","","","","15926","","","","","87406.99","","","608186140000","","173767468571","","","","","","","","","","","","","","","","","","","","","","","","","","","","","","","","","","","","kerosene","","","","","","","430320.56","","","","","","","","","","","","9966600","","","","","","","","","","","","","","","","","","","","","","","","","","","","","","","","","","","","","","","","","","","","","","2550","","2550","","462000","","3037000","8020000","","","","247370","8020000","8267370","0.031","8020000","35000","7985000","","","","","","",""
"18","Guangzhou",2011,"","159596900","369667000","","210070100","7434.4","","","","","","","","","","","8870","","","","7347.21","1465.23","6846.9","","","","","Y","","","725","539","","215859.27","0","na","0","unknown","99.93","","","?","","","","52.14","","","","","","20.38","","?","46.3","7.1","","","","","Y","1-2","public","","","Y","?","63120.34","","?","Y","unknown","3235.1","?","0.07","?","N","","?","N",">5","public","63120.34","227233.24","1049","800","?","604017.91","","1151337.13","","","1151337.13","","320085.98","","4207.05","","4918.48","","","","7403.62","","",">5","public","191923.75","N","1600","1242343900000","","295796166667","Y","60.4","214 per 100 pop","","","","","","","","","","","","","","","","","","","","","","","","","","","","","","","","","","","","","","","","604017.91","","","","","","","","16500000","#DIV/0!","1010","27.93","12751400","1632.3","","","","","","","","","","","","","","","","1.79","0.3","unknown","unknown","unknown","1.63","4.19","","","","1305.56","","","","","","","","","","?","","","","","","","","","3207.6","","3207.6",">5","220200","mix","1648000","7302000","3-5","public","","274491","7302000","7576491","0.038","7302000","58000","7244000","N","","","","","",""
"19","Istanbul",2001,"","","","","","","","","","","","","","","","","","","","","","","","","","","73269","","","","","","","31736","","","","","0","","","","","","","","","","","","","","","","","","","","","","","","","","","","10","15406.07","148.27","0","","","1848","0","90","","","0","0","","","","15406.07","55461.85","","","0","294953","","406695.85","406695.85","","","22.99","56281","35.37","","","","","","","","","68000","","","24545","","","18689762564","653.44","18689762564","","","","","","","","","","153684","","","","","","","","","","","","","","","yrs 2003 & 2008","","","","","","","","","","","","","","","","","","","","","","","","","","","","","","8803468","","","","","","","","","","","","","","","","","","","","","","","","","","","","","","","","","","","","","","","","","","","","50.25","3051.21","3465.39","","6516.6","","","","105000","642000","","","28.31","243960","642000","885960","0.38","","","","","","","","","",""
"20","Istanbul",2006,NA,NA,NA,NA,NA,NA,NA,"26109",NA,NA,NA,NA,NA,NA,NA,NA,NA,NA,NA,NA,NA,NA,NA,NA,NA,NA,"27622",NA,NA,NA,NA,NA,NA,"35901",NA,NA,NA,NA,"0",NA,NA,NA,NA,NA,NA,NA,NA,NA,NA,NA,NA,NA,NA,NA,NA,NA,NA,NA,NA,NA,NA,NA,NA,"517.179",NA,NA,"68","24000",NA,"0",NA,NA,"2200","0","32",NA,NA,"300","0",NA,NA,NA,"24300","87480",NA,NA,"0","253225",NA,"421903",NA,"421903",NA,NA,"81198",NA,NA,NA,NA,NA,NA,NA,NA,NA,"140000",NA,NA,"33850",NA,NA,"8.7165e+10",NA,"8.7165e+10",NA,NA,NA,NA,NA,NA,NA,NA,NA,"59494",NA,NA,NA,NA,NA,NA,NA,NA,NA,NA,NA,NA,"11447",NA,NA,NA,NA,NA,NA,NA,NA,NA,NA,NA,NA,NA,NA,NA,NA,NA,NA,NA,NA,NA,NA,NA,NA,NA,NA,NA,NA,NA,NA,NA,"11622000",NA,NA,NA,NA,NA,NA,NA,NA,NA,NA,NA,NA,NA,NA,NA,NA,NA,NA,NA,NA,NA,NA,NA,NA,NA,NA,NA,NA,NA,NA,NA,NA,NA,NA,NA,NA,NA,NA,NA,NA,NA,NA,NA,NA,"3851.21","4575.59",NA,"8426.8",NA,NA,NA,"150000","732000",NA,NA,NA,"212280","732000","944280","0.29",NA,NA,NA,NA,NA,NA,NA,NA,NA,NA
"21","Istanbul",2011,"","","","","148929820","5461","5343","28200","","","","","","","1705.95","","13212.25","","","","","","","","","","25497","Y","","","123","1996","","45259",">5","mix","unknown","unknown","0","","","28","","","","31","","","","","","34","","0","0","10","","","","","N","1-2","public","631.00683","","Y","65","35182.73","","0","Y","unknown","2000","0","30","","Y","3066","0.2","N","3-5","mix","38248.73","137695.43","80","500","4.8","286315","28631.5","500195.43","","","500195.43","","76185","","","","","","","","","4816","208000","1-2","public","23131","Y","unknown","140816995088","","140816995088","Y","60","92","","","","","","","24618","","","","","","","","","","","","","7795","","","","","","","","","","","","","","","","","","","","","","","","","","","","12800000","2523","8576","53.16","13483052","852","","","","","","","","","","","","","","","","50-100","0","0","0","0","0","0","","","","1450","","","","","","","","","","7","","","","","","","","4498.63","5292.5","","9791.13","1-2","","public","183900","823749","1-2","public","","148274","823749","972023","0.18","","","","N","","","","","",""
"22","Jakarta",2001,"","","","","","","","na","","","","","","","","","","","","","","","","","","","na","","","","","","","54673.34","","","","","","","","","","","","","","","","","","","","","","","","","","","","","","?","","","","19854.6","76.59","","","","2539.4","","","","","","","","","","19854.6","71476.56","","","","136483.22","","332793.31","332793.32","","","-1.8","124833.53","20.88","","","","","","","1394.46","8482.09","46185.8","","","69601.53","","","41169100000","138.66","41169100000","","","","","","","","","","15202.04","","","","na","","537.32","","","","","","","","","","","","","","","9580.34","6035.74","","","","59479.3","","","","","","","","","","","","","","","","","","","8429500","","","","","","","","","","","","","","","","","","","","","","","","","","","","","","","","","","","","","","","","","","","","12.93","0","4860.92","","4860.92","","","","na","237192.2","","","28.88","","237192.2","237192.2","","409664.5","0","409664.5","","","","","","",""
"23","Jakarta",2006,"","","","","","","","na","","","","","","","","","","","","","","","","","","","na","","","","","","","94844.02","","","","","","","","","","","","","","","","","","","","","","","","","","","","","","?","","","","26167.2","","","","","3569.3","","","","","","","","","","26167.2","94201.92","","","","294360.66","","687171.35","","687171.35","","","298608.77","","","","","","","","38327.31","3409.87","67817.8","","","196721.31","","","50177174000","","50177174000","","","","","","","","","","45800.02","","","21.34","6831.01","","197.67","","","","","","","","","","","","","","","41859.64","11756.71","","","","127126.5","","","","","","","","","","","","","","","","","","","8979639","","","","","","","","","","","","","","","","","","","","","","","","","","","","","","","","","","","","","","","","","","","","","0","5672.98","","5672.98","","","","na","284649.2","","","","","284649.2","284649.2","","557780.7","22793.1","534987.6","","","","","","",""
"24","Jakarta",2011,"","11000000","","","111276","662.33","556","na","","","","","","","na","na","na","","","","na","na","na","","","","na","Y","","","976","1","","48080.66","na","","na","unknown","","","","32","","","","28","","","","","1","35","3","na","na","na","","","","","Y","1-2","public","?","","Y","","35061.4","","","Y","unknown","2986.8","","","","N","","","Y","1-2","public","35061.4","126221.04","unknown","< 1000","","49687.98","","326801.56","","","326801.56","","150892.54","","","","","","","","","","35768.9",">5","mix","102811.88","N","unknown","98254004000","","98254004000","Y","na","na","","","","","","","na","","","14.76","","","","","","","","","","","","","","","","","","8980.98","na","","","","4938.1","","","","","","","","","","","","","","","15400000","17601","10051","16.1","9786372","1274.1","","","","","","","","","","","","13.34","","","5.49","na","24.29","0.29","12.17","na","8.46","na","","","","1825","","","","","","","","","3.65","","","","","","","","","0","5489.24","","5489.24","","?","","500056","305684","1-2","private","","","305684","305684","","535718.9","7864.8","527854.1","Y","","","11.25","","",""
"25","Karachi",2001,"","","","","","","","","","","","","","","","","","","","","","","","","","","","","","","","","","","","","","","0.4","","","","","","","","","","","","","","","","","","","","","","","","","","","","32","14061.67","43.64","25.2","","","4213.33","2.9","39.5","","","","","","","","14061.67","50622","","","","0","","50622","50622","","","523.55","0","#DIV/0!","","","","","","","","","","","","","","","70000000000","14.29","70000000000","","","","","","","","","","","","","","","","","","","","","","","","","","","","","","","","","","","","","","","","","","","","","","","","","","","","","","","12000000","","","","","","","","","","","","","","","","","","","","","","","","","","","","","","","","","","","","","","","","","","","","300","","400","","400","","","","161241","190764","","","98.41","75700","190764","266464","0.397","","","","","","","","","",""
"26","Karachi",2006,NA,NA,NA,NA,NA,NA,NA,NA,NA,NA,NA,NA,NA,NA,NA,NA,NA,NA,NA,NA,NA,NA,NA,NA,NA,NA,NA,NA,NA,NA,NA,NA,NA,NA,NA,NA,NA,NA,"7.3",NA,NA,NA,NA,NA,NA,NA,NA,NA,NA,NA,NA,NA,NA,NA,NA,NA,NA,NA,NA,NA,NA,NA,NA,NA,NA,NA,"64.59","15609.44",NA,"12.6",NA,NA,"4682.78","1.6","33.81",NA,NA,NA,NA,NA,NA,NA,"15609.44","56194",NA,NA,NA,"0",NA,"56194",NA,"56194",NA,NA,"0",NA,NA,NA,NA,NA,NA,NA,NA,NA,NA,NA,NA,NA,NA,NA,"7.5e+10",NA,"7.5e+10",NA,NA,NA,NA,NA,NA,NA,NA,NA,NA,NA,NA,NA,NA,NA,NA,NA,NA,NA,NA,NA,NA,NA,NA,NA,NA,NA,NA,NA,NA,NA,NA,NA,NA,NA,NA,NA,NA,NA,NA,NA,NA,NA,NA,NA,NA,NA,NA,NA,NA,NA,NA,NA,NA,"13500000",NA,NA,NA,NA,NA,NA,NA,NA,NA,NA,NA,NA,NA,NA,NA,NA,NA,NA,NA,NA,NA,NA,NA,NA,NA,NA,NA,NA,NA,NA,NA,NA,NA,NA,NA,NA,NA,NA,NA,NA,NA,NA,NA,NA,"109.5","900",NA,"1009.5",NA,NA,NA,"168811","284632",NA,NA,NA,"113550","284632","398182","0.399",NA,NA,NA,NA,NA,NA,NA,NA,NA,NA
"27","Karachi",2011,"","159000000","","115000000","474000000","3527","2000","113505.85","","","","","5300","","2088","768220","44000","","","","7000","3200","400","","","","15462.65","Y","","","1149","153","","","na","na","na","unknown","0.43","1.24","11.1","10.36","","","","34.22","","","","","0.81","42.27","","?","?","?","","","","","Y","1-2","mix","","","Y","55.38","20197.78","","33.6","N","unknown","6059.17","1.98","41.59","","N","","","Y","1-2","mix","20197.78","72712","unknown","unknown","","193075.94","","315651.91","","","315651.91","","49863.97","","","","","","","","","","55585.04","1-2","public","","N","> 3500000","80000000000","","80000000000","Y","11.11","72","607","130.83","3706.91","","","","8522.41","","","","","","","","","","","","","","","","10436","39427.97","","","","","","","","","","","","","","","","","","434.74","","900","","","624.2","16200000","7750","23552","29.17","15500000","214","","","","","","","","","","2800","3579","","","","","2190","60","35","43","40","40","22","","","","1944.44","","","","0.01","0","0.05","","","","","","","","","","","","","1600","","1600","1-2","0.6","public","172596","378500","1-2","public","","151400","378500","529900","0.4","","29603564.16","188722721.52","N","","","","21700","1820.23","23310.8"
"28","Kolkata",2001,"","","","","","","","~0","","","","","","","","","","","","","","","","","","","na","","","","","","","1871.07","","","","","99.99","","","","","","","","","","","","","","","","","","","","","","","","","","","","0","na","#VALUE!","0","","","","0","0","","","0","0","","","","#VALUE!","#VALUE!","","","0","3992.6","","#VALUE!","#VALUE!","","","#VALUE!","4585.89","270.22","","","","","","","144.9","","~0","","","545.02","","","565261700000","95.76","41563360294","","","","","","","","","","","","","","","","","","","","","","2169.81","","","","","","","","","214.71","","908.57","50.33","","","","2159.07","659.92","","","","","","","","","","","","","","","","13205697","","","","","","","","","","","","","","","","","","","","","","","","","","","","","","","","","","","","","","","","","","","","0.47","0","1065","","1065","","na","","na","","","","#DIV/0!","","0","0","","","na","na","","","","","","",""
"29","Kolkata",2006,"","","","","","","","~0","","","","","","","","","","","","","","","","","","","na","","","","","","","5736.96","","","","","99.99","","","","","","","","","","","","","","","","","","","","","","","","","","","","0","9889.39","","0","","","","0","0","","","0","0","","","","9889.39","35601.8","","","0","9789.64","","56175.15","","56175.15","","","10783.71","","","","","","","","4028.94","","~0","","","1170.82","","","1020887500000","","67608443709","","","","","","","","","","","","","","","","","","","","","","3824.49","","51.43","","","","","","","638.33","","2869.95","667.57","","","","5383.38","230.42","","","","","","","","","","","","","","","","na","","","","","","","","","","","","","","","","","","","","","","","","","","","","","","","","","","","","","","","","","","","","","0","1067","","1067","","na","","63145","443840","","","","155344","443840","599184","0.35","387703","43362","350838","","","","","","",""
"30","Kolkata",2011,"","","na","","","1886.67","185","~0","72.1","na","0","","","","7758.52","na","0","241.91","na","0","2652.77","na","0","1836.16","na","na","na","Y","na","na","1076","96","1385.28","9580.34","na","na","na","0","99.99","1.21","","17.34","","","","27.86","","","","0.16","0.42","46.74","","","0.4","93.3","","6.4","","0.4","?","1-2","?","0.846","","?","0","12383.02","","0","?","?","","0","0","","Y","0","0","?","?","?","12383.02","44578.87","0","na","0","6348.46","5923.11","67905.01","","","67905.01","","16977.68","","","","","1065.6","na","na","6615.76","","~0","?","?","2519.41","?","~0","1610995845000","","81363426515","Y","na","unknown","","","","732.6","na","na","","","","","","","","","","","","","4553.54","","324.39","","","","","","","89.94","","1441.33","37.45","","","","4759.42","20.32","","","","","","","","","","","","16300000","76284","27439","6.87","14112536","1241.2","","","","200.04","na","na","","","","","","","","","","?","38.94","5.1","37.23","","unknown","24","","","","?","","","","","","","","","","0.04","","","","1778.22","na","na","","0","1070","","1070","3-5","27.7","public","78256","1133540","3-5","public","","249378.8","1133540","1382918.8","0.22","394200","186019","582451","?","","","","","",""
"31","Lagos",2001,"","","","","","","","","","","","","","","","","","","","","","","","","","","","","","","","","","","","","","","","","","","","","","","","","","","","","","","","","","","","","","","","","","","","","#DIV/0!","","","","","","","","","","","","","","0","0","","","","0","","0","0","","","#DIV/0!","0","#DIV/0!","","","","","","","","","","","","","","","","#DIV/0!","","","","","","","","","","","","","","","","","","","","","","","","","","","","","","","","","","","","","","","","","","","","","","","","","","","","","","","","","","","","","","","","","","","","","","","","","","","","","","","","","","","","","","","","","","","","","","","","","","","","#DIV/0!","","","","0","","","","","","","","#DIV/0!","","0","0","","","","","","","","","","",""
"32","Lagos",2006,NA,NA,NA,NA,NA,NA,NA,NA,NA,NA,NA,NA,NA,NA,NA,NA,NA,NA,NA,NA,NA,NA,NA,NA,NA,NA,NA,NA,NA,NA,NA,NA,NA,NA,NA,NA,NA,NA,NA,NA,NA,NA,NA,NA,NA,NA,NA,NA,NA,NA,NA,NA,NA,NA,NA,NA,NA,NA,NA,NA,NA,NA,NA,NA,NA,NA,NA,NA,NA,NA,NA,NA,NA,NA,NA,NA,NA,NA,NA,NA,NA,NA,"0","0",NA,NA,NA,"0",NA,"0",NA,"0",NA,NA,"0",NA,NA,NA,NA,NA,NA,NA,NA,NA,NA,NA,NA,NA,NA,NA,"9241011011880",NA,"132392707907",NA,NA,NA,NA,NA,NA,NA,NA,NA,NA,NA,NA,NA,NA,NA,NA,NA,NA,NA,NA,NA,NA,NA,NA,NA,NA,NA,NA,NA,NA,NA,NA,NA,NA,NA,NA,NA,NA,NA,NA,NA,NA,NA,NA,NA,NA,NA,NA,NA,NA,NA,NA,NA,NA,"17552942",NA,NA,NA,NA,NA,NA,NA,NA,NA,NA,NA,NA,NA,NA,NA,NA,NA,NA,NA,NA,NA,NA,NA,NA,NA,NA,NA,NA,NA,NA,NA,NA,NA,NA,NA,NA,NA,NA,NA,NA,NA,NA,NA,NA,NA,"3966.13",NA,"3966.13",NA,NA,NA,"3036658.97",NA,NA,NA,NA,NA,"0","0",NA,"249613.84","82.52","1122",NA,NA,NA,NA,NA,NA,NA
"33","Lagos",2011,"","","","","","2797.72","999.6","534889.24","","","","","","","","","","","","","","","","","","","112.99","","","","1012","0","","",">5","mix","unknown","unknown","na","","","9","","","","55","","","","","","35","","na","na","na","","","","","",">5","mix","","","Y",">50","1600","","<45","","unknown","640","na","na","","","","<2","","","","1600","5760","unknown","unknown","<2","557367.9","","609390.21","","","609390.2","","46262.31","","","","","","","","","","7632.24",">5","mix","","","unknown","12877235911141","","140427872532","","","","","","","","","","14733.44","","","","","","","","","","","","","","","","","","46262.31","","","","","","","","","","","","","","","","","","","","","","","11800000","20555","15854","#DIV/0!","20546999","1836","","","","","","","","","","","","","","","","","","","","","","","","","","?","","","","","","","","","",">1","","","","","","","","","2536.31","","2536.31",">5","","mix","3554630.83","953923.77",">5","mix","","","953923.77","953923.77","","122174.96","","","","","","","","",""
"34","London",2001,NA,NA,NA,NA,NA,NA,NA,NA,NA,NA,NA,NA,NA,NA,"1503.35","43.57","1459.78",NA,NA,NA,"642",NA,NA,NA,NA,NA,NA,NA,NA,NA,NA,NA,NA,"85101.94",NA,NA,NA,NA,"40",NA,NA,NA,NA,NA,NA,NA,NA,NA,NA,NA,NA,NA,NA,NA,NA,NA,NA,NA,NA,NA,NA,NA,NA,"487.37",NA,NA,"31.1","41590","-3.95","0.4",NA,NA,"3862.75","27.2","1.1",NA,NA,NA,NA,NA,NA,NA,"41590","149724",NA,NA,NA,"463702.4",NA,"811189.89","811189.89",NA,NA,"-12.05","197763.49","-7.49","6900.03","1315.74","5589.72",NA,NA,NA,"61650","4500","320814",NA,NA,"112661.55",NA,NA,"1.6841e+11","37.84","280683333333",NA,NA,NA,NA,NA,NA,NA,NA,NA,"142888.4",NA,NA,NA,NA,NA,NA,NA,NA,NA,NA,NA,NA,NA,NA,NA,NA,NA,NA,NA,NA,NA,NA,NA,NA,NA,NA,NA,NA,NA,NA,NA,NA,NA,NA,"3209.02","1182.39","2026.63","690.76","154.87","535.9",NA,NA,NA,NA,"7322400",NA,NA,NA,NA,NA,NA,NA,NA,NA,NA,NA,NA,NA,NA,NA,NA,NA,NA,NA,NA,NA,NA,NA,NA,NA,NA,NA,NA,NA,NA,NA,NA,NA,NA,NA,NA,NA,NA,NA,NA,NA,NA,NA,"-36.67","886","3207",NA,"4093",NA,NA,NA,NA,"503150",NA,NA,"10.96","159887","503150","663037","0.318",NA,NA,NA,NA,NA,NA,NA,NA,NA,NA
"35","London",2006,NA,"75319490",NA,NA,"138961340",NA,NA,"361.44",NA,NA,NA,NA,NA,NA,NA,NA,NA,NA,NA,NA,NA,NA,NA,NA,NA,NA,"3.24",NA,NA,NA,NA,NA,NA,"106773.87",NA,NA,NA,NA,"44.8",NA,NA,NA,NA,NA,NA,NA,NA,NA,NA,NA,NA,NA,NA,NA,NA,NA,NA,NA,NA,NA,NA,NA,NA,"511.17",NA,NA,"31.1","42843.37",NA,"0.4",NA,NA,"3426.25","21.9","1.2",NA,NA,NA,NA,NA,NA,NA,"42843.37","154236.13",NA,NA,NA,"405786.6",NA,"764364.74",NA,"764364.74",NA,NA,"204342.01",NA,NA,NA,NA,NA,NA,NA,"1770.6","9450","277020.36",NA,NA,"97568.14",NA,NA,"2.2527e+11",NA,"3.7545e+11",NA,NA,NA,NA,NA,NA,NA,NA,NA,"128401.56",NA,NA,NA,NA,NA,NA,NA,NA,NA,NA,NA,NA,NA,NA,NA,NA,NA,NA,NA,NA,NA,NA,NA,NA,NA,NA,NA,NA,NA,NA,NA,NA,NA,NA,NA,NA,NA,NA,NA,NA,NA,NA,NA,NA,"7546600",NA,NA,NA,NA,NA,NA,NA,NA,NA,NA,NA,NA,NA,NA,NA,NA,NA,NA,NA,NA,NA,NA,NA,NA,NA,NA,NA,NA,NA,NA,NA,NA,NA,NA,NA,NA,NA,NA,NA,NA,NA,NA,NA,NA,"767","2692",NA,"3459",NA,NA,NA,NA,"512382",NA,NA,NA,"210378","512382","722760","0.411",NA,NA,NA,NA,NA,NA,NA,NA,NA,NA
"36","London",2011,"","","","","","1594.7","560.1","","","","","","","","","","","","","","","","","","","","","Y","","","6","2333","","109226.49",">5","mix","unknown","10248","37.3","","","11.1","3.1","0.3","","11.4","","","61.3","","","12.4","","13.2","20.8","23.6","","42.4","","","Y","1-2","private","457.47","","Y","31.1","39945.74","","0.6","Y","unknown","3466.26","23.1","0.5","1.9","Y","","","N",">5","private","39945.74","143804.67","1315","2114","1.6","386642.9","142284.59","713403.23","","","713403.23","","182955.66","","","","","","","","1556.2","1771.2","230094","1-2","private","73729.17","Y","unknown","270830000000","","386900000000","Y","83","94","","","","","","","156548.9","","","","","","","","","","","","","","","","","","","","","","","","","","","","","","","","","","","","","","","","","12400000","14594","4689","11.63","8173941","601","","","","","","","","","","","","","","","","0","","","","","","","","","","1050","","","","","","","","","","0.5","","","","","","","","896","1696","","2592","1-2","","private","","558319","1-2","private","","148947","558319","707266","0.267","","","","Y","","","","","",""
"37","Los Angeles",2001,"","","","","","","","28339","","","","","","","","","","","","","","","","","","","16858","","","","","","","","","","","","","","","","","","","","","","","","","","","","","","","","","","","","","","","","","","#DIV/0!","","","","","","","","","","","","","","0","0","","","","228465","","228465","228465","","","350.3","0","#DIV/0!","","","","","","","","","","","","","","","525167000000","39.43","525167000000","","","","","","","","","","183268","","","","","","","","","","","","","","","","","","","","","","","","","","","","","","","","","","","","","","","","","","","","","9635000","","","","","","","","","","","","","","","","","","","","","","","","","","","","","","","","","","","","","","","","","","","","#DIV/0!","","","","0","","","","","","","","#DIV/0!","","0","0","","","","","","","","","","",""
"38","Los Angeles",2006,"","","","","","","","18221","","","","","","","","","","","","","","","","","","","12860","","","","","","","","","","","","?","","","","","","","","","","","","","","","","","","","","","","","","","?","","","?","70662","","?","","","4946.34","?","?","?","","","?","","","","70662","254383.2","","","?","501569.42","","755952.62","","755952.62","","","0","","","","","","","","","","316595.42","","","","","","706469000000","","706469000000","","","","","","","","","","153893","","","","","","","","","","","","","","","","","","","","","","","","","","","","","","","","","","","","","","","","","","","","","9761000","","","","","","","","","","","","","","","","","","","","","","","","","","","","","","","","","","","","","","","","","","","","","","","","0","","","","","","","","","","0","0","","","","","","","","","","",""
"39","Los Angeles",2011,"","","","","","10517.6","","21921","","","","","","","","34300","","","","","","","","","","","9866","Y","","","7","887","","100995.45",">5","mix","unknown","12193","","","","","","","","","","","","","","30","","","","","","","","","N",">5","mix","","","Y","","63898","","","Y","","4472.86","","","","Y","0.48","","N",">5","mix","63898.48","230034.54","235","32874","","508755.34","","1028785.35","","","1028785.35","","289995.47","","","","","","","","4814.23","","329145.34","3-5","mix","189000.02","Y","unknown","732230000000","","732230000000","Y","64","91","","","","","394.05","","147823","","","","","","","","","","","","","","","","","","","","","","","","","","","","","","","","","","","","","","","","","17900000","#DIV/0!","2829","2.64","9889000","379.2","1279.55","","","","","","","","","","","","","","","","0","","0","","0","100","438.32","","","2073","61.99","","","","","","","","","","","","","889.93","","","","5592.65","516.68","","6109.33",">5","","public","1320000","3330000",">5","mix","","330000","3330000","3660000","0.099","3330000","680000","2650000","Y","","","","","",""
"40","Manila",2001,"","","","","","","","259232","","","","","","","","","","","","","","","","","","","34240","","","","","","","23945.05","","","","","40","","","","","","","","","","","","","","","","","","","","","","","","","","","","2","36184","37.52","15","","","7909","0","21","","","","","","","","36184","130262.4","","","","382104","","551765.49","551765.49","","","0.94","39399.09","-1.7","","","","","","","1528.98","3479.82","0","","","15454.03","","","1301989000000","114.68","65099450000","","","","","","","","","","88632","","","","","","","","","","","","","","","","","","","","","","","","","","","","","","","","","","","","","","","","","","","","","9932560","","","","","","","","","","","","","","","","","","","","","","","","","","","","","","","","","","","","","","","","","","","","#DIV/0!","","","","0","","na","","","558750","","","46.74","895370","558750","1454120","1.602","1453740","27630","1426110","","","","","","",""
"41","Manila",2006,"","","","","","","","221528","","","","","","","","","","","","","","","","","","","55451","","","","","","","22736.82","","","","","27","","","","","","","","","","","","","","","","","","","","","","","","","","","","29","41241","","18","","","11112","0","8","","","","0.003","","","","41241","148467.6","","","0.09","348891","","535188.22","","535188.22","","","37829.62","","","","","","","","1303.09","2511.97","2182","","","15092.79","","","1993037000000","","90182669683","","","","","","","","","","69730","","","","","","","","","","","","","","","","","","","","","","","","","","","","","","","","","","","","","","","","","","","","","10787300","","","","","","","","","","","","","","","","","","","","","","","","","","","","","","","","","","","","","","","","","","","","","","2124.74","","2124.74","","na","","","594010","","","","710670","594010","1304680","1.196","1304580","14770","1289810","","","","","","",""
"42","Manila",2011,"","888780","2870230","","1931052","636","636","212179","","","","","","","15625000000","30000000","16063000000","","","","","","","","","","81264","Y","","","1027","0","","23198.62","","","","unknown","37","","","32","","","","34","","","","","","33","","9","23","24","","","","","Y","1-2","private","","","Y","30","49762","","14","Y","unknown","13078","0","5","0.17","Y","","0.002","",">5","private","49762","179143.2","1","unknown","0.13","339060","111889.8","556932.4","","","556932.4","","38729.2","","","","","","","","1655.63","1324.81","3251","","","15530.58","","","3479905000000","","139755220884","Y","","99","","","","","","","42366","","","","","","","","","","","","","","","","","","","","","","","","","","","","","","","","","","","","","","","","","19600000","18641","7720","19.36","11855975","2061","","","","","","","","","","","","","","","","","","","","0","","","","","","1620","","","","","","","","","","0.2","","","","","","","","","2683.74","","2683.74","3-5","na","mix","67938.91","819920",">5","mix","","428170","819920","1248090","0.522","1248090","0","1248090","N","","","","","",""
"43","Mexico City",2001,"","","","","","","","2805.29","","","","","","","","","","","","","","","","","","","17579.9","","","","","","","33410","","","","","","","","","","","","","","","","","","","","","","","","","","","","","","","","","","13186.99","3.64","","","","","","","","","","","","","","13186.99","47473.17","","","","56154.89","","317888.06","317888.06","","","4.25","214260","-23.96","","","","","","","2.66","","35769.7","","","180850","","","1176371821000","65.78","186725685873","","","","","","","","","","","","","","","","","","","","","","","","","","","","","","","","","","","","","","","","","","","","","","","","","","","","","","","8591309","","","","","","","","","","","","","","","","","","","","","","","","","","","","","","","","","","","","","","","","","","","","5.53","0","4380","","4380","","","","","","","","#DIV/0!","","0","0","","","","","","","","","","",""
"44","Mexico City",2006,NA,NA,NA,NA,NA,NA,NA,"4007.72",NA,NA,NA,NA,NA,NA,NA,NA,NA,NA,NA,NA,NA,NA,NA,NA,NA,NA,"28203.96",NA,NA,NA,NA,NA,NA,"34840",NA,NA,NA,NA,"5.33",NA,NA,NA,NA,NA,NA,NA,NA,NA,NA,NA,NA,NA,NA,NA,NA,NA,NA,NA,NA,NA,NA,NA,NA,NA,NA,NA,NA,"13376.33",NA,"21.65",NA,NA,NA,"2.79","26.43",NA,NA,NA,NA,NA,NA,NA,"13376.33","48154.78",NA,NA,"0.047","99359",NA,"374953.78",NA,"374953.78",NA,NA,"227440",NA,NA,NA,NA,NA,NA,NA,"48.98",NA,"67147.32",NA,NA,"192600",NA,NA,"1.770827e+12",NA,"245948194444",NA,NA,NA,NA,NA,NA,NA,NA,NA,NA,NA,NA,NA,NA,NA,NA,NA,NA,NA,NA,NA,NA,NA,NA,NA,NA,NA,NA,NA,NA,NA,NA,NA,NA,NA,NA,NA,NA,NA,NA,NA,NA,NA,NA,NA,NA,NA,NA,NA,NA,NA,NA,NA,NA,"8720916",NA,NA,NA,NA,NA,NA,NA,NA,NA,NA,NA,NA,NA,NA,NA,NA,NA,NA,NA,NA,NA,NA,NA,NA,NA,NA,NA,NA,NA,NA,NA,NA,NA,NA,NA,NA,NA,NA,NA,NA,NA,NA,NA,NA,"0","4836.25",NA,"4836.25",NA,NA,NA,"192000",NA,NA,NA,NA,"53.7","0","53.7",NA,NA,"309831.7",NA,NA,NA,NA,NA,NA,NA,NA
"45","Mexico City",2011,"","","","","","1495","792.37","3891.4","","","","","","","","","","","","","","","","","","","24600.5","","","","45","873","","37690","","","","unknown","","","","19.79","","","","51.2","","","","","","16.21","","2.6","8.2","15.7","","","","","Y","1-2","public","","","N","","13667.11","","","Y","unknown","","","","","N","","","Y","1-2","public","13667.11","49201.6","unknown","unknown","","119262.15","21824.97","331393.75","","","331393.75","","162930","","","","","","","","91.26","","90770.25","1-2","private","125240","Y","unknown","2321648000000","","309553066667","Y","53.6","71.21","","","","","","","","","","","","","","","","","","","","","","","","","","","","","","","","","","","","","","","","","","","","","","","","23400000","11170","9286","3.02","8851080","697","","","","","","","","","","","","","","","","","","4.99","0.48","","3.53","15.1","","","","1934.5","","","","","","","","","","5.7","","","","","","","","0","4622.36","","4622.36",">5","","mix","","1122400","1-2","private","","","1122400","1122400","","","","1072983","N","","","","","",""
"46","Moscow",2001,"","","","","","","","0","","","","","","","","","","","","","","","","","","","0","","","","","","","","","","","","0","","","","","","","","","","","","","","","","","","","","","","","","","","","","100","41115.1","26.36","","","","","","0","","","0","0","","","","41115.1","148014.36","","","0","0","","148014.36","148014.36","","","204.08","0","#DIV/0!","","","","","","","","","","","","","","","246348383154","169.71","246348383154","","","","","","","","","","0","","","","","","","","","","","","","","","","","","","","","","","","","","","","","","","","","","","","","","","","","","","","","10382754","","","","","","","","","","","","","","","","","","","","","","","","","","","","","","","","","","","","","","","","","","","","#DIV/0!","","","","0","","","","","2777000","","","-46.13","","2777000","2777000","","","","","","","","","","",""
"47","Moscow",2006,NA,NA,NA,NA,NA,NA,NA,"0",NA,NA,NA,NA,NA,NA,NA,NA,NA,NA,NA,NA,NA,NA,NA,NA,NA,NA,"0",NA,NA,NA,NA,NA,NA,NA,NA,NA,NA,NA,"0",NA,NA,NA,NA,NA,NA,NA,NA,NA,NA,NA,NA,NA,NA,NA,NA,NA,NA,NA,NA,NA,NA,NA,NA,NA,NA,NA,"100","49782",NA,NA,NA,NA,"6509.4",NA,"0",NA,NA,"0","0",NA,NA,NA,"49782","179215.2",NA,NA,"0","0",NA,"179215.2",NA,"179215.2",NA,NA,"0",NA,NA,NA,NA,NA,NA,NA,NA,NA,NA,NA,NA,NA,NA,NA,"377606250502",NA,"377606250502",NA,NA,NA,NA,NA,NA,NA,NA,NA,"0",NA,NA,NA,NA,NA,NA,NA,NA,NA,NA,NA,NA,NA,NA,NA,NA,NA,NA,NA,NA,NA,NA,NA,NA,NA,NA,NA,NA,NA,NA,NA,NA,NA,NA,NA,NA,NA,NA,NA,NA,NA,NA,NA,NA,NA,NA,NA,NA,NA,NA,NA,NA,NA,NA,NA,NA,NA,NA,NA,NA,NA,NA,NA,NA,NA,NA,NA,NA,NA,NA,NA,NA,NA,NA,NA,NA,NA,NA,NA,NA,NA,NA,NA,NA,NA,NA,NA,NA,NA,NA,NA,NA,"0",NA,NA,NA,NA,"2634000",NA,NA,NA,NA,"2634000","2634000",NA,NA,NA,NA,NA,NA,NA,NA,NA,NA,NA
"48","Moscow",2011,"","","","","216000000","1080","737","0","","","","","","","","","","","","","","","","","","","0","N","","","50","4562","","","1-2","public","100","0","0","","","","","","","","","","","","","","","","","","","","","","Y","1-2","public","","","N","100","51954.3","","","N","0","4835.5","","0","","N","0","0","Y",">5","public","51954.3","187035.48","0","0","0","0","","450087.54","","","450087.54","","263052.06","","7278.4","7278.4","0","","","","","","","1-2","public","263052.06","N","unknown","664419868374","","664419868374","Y","","","","","","","","","0","","","","","","","","","","","","","","","","","","","","","","","","","","","","","","","","","","","","","","","","","13600000","15609","5033","10.79","11503501","698","","","","","","","","","","","","","","","","","0","0","0","0","0","100","","","","1020.7","","","","","","","","","","","","","","","","","","598.2","4003.2","","4601.4","1-2","","public","","1496000","1-2","public","","","1496000","1496000","","","","","N","","","","","",""
"49","Mumbai",2001,"","","","","","","","","","","","","","","","","","","","","","","","","","","na","","","","","","","27321.97","","","","","63.04","","","","","","","","","","","","","","","","","","","","","","","","","","","","12.29","","#DIV/0!","2.87","","","","1.81","","","","0","","","","","0","0","","","","30390.51","","82332.99","82332.99","","","30.02","51942.48","-39.52","","","","","","","29750.68","30967.53","685.08","","","13735.75","","","683197100000","122.84","50235080882","","","","","","","","","","","","","","","685.08","","na","","","","","10199.67","","0","","","","","","","1737.34","","11667.58","376.31","","","","14231.73","1692.47","","","","","","","","","","","","","","","","11978000","","","","","","","","","","","","","","","","","","","","","","","","","","","","","","","","","","","","","","","","","","","","53.35","0","","","3580","","na","","na","","","","#DIV/0!","","0","0","","","na","na","","","","","","",""
"50","Mumbai",2006,"","","","","","","","","","","","","","","","","","","","","","","","","","","na","","","","","","","25203.35","","","","","61.53","","","","","","","","","","","","","","","","","","","","","","","","","0.87","","","5.68","5533","","11.25","","","553.3","1.16","","","","0","","","","","5533","19918.8","","","","31330.91","","100482.4","","100482.41","","","49232.69","","","","","","","","48447.99","25416.62","4127.47","","","11031.95","","","2004830000000","","132770198675","","","","","","","","","","","","","","","4127.4","","na","","","","","8228.42","","641.58","","","","","","","834.68","","8476.94","75.6","","","","17357.52","458.71","","","","","","","","","","","","","","","","12200000","","","","","","","","","","","","","","","","","","","","","","","","","","","","","","","","","","","","","","","","","","","","","0","3580","","3750","","na","","940970","1642853","","","","328570.6","1642853","1971423.6","0.2","na","","1706653","","","","","","",""
"51","Mumbai",2011,"","","","","","603.4","na","","70","na","0","","","","9190","na","0","290","na","0","3160","na","0","1836.16","na","na","na","Y","na","na","1216","1","1385.28","15951.34","na","na","na","?","","","","38","","","","13","","","","","","49","","0.7","0.9","98.5","","","","","N","3-5","mix","0.79","","?","","12952","","","Y","","1295","","","","Y","0","","N","3-5","mix","12952","46627.2","","~0","","29005.39","28773.35","107048.82","","","107048.82","","31416.23","","","","","1065.6","na","na","23362.94","4502.94","4515.43","1-2","mix","7420.94","?","192269","2216470000000","","111942929293","Y","10","84","","","","732.6","na","na","","","","","","4515.43","","na","","","","","3405.06","","123.46","","","","","","","59.96","","5350.69","70.59","","","","18849.16","159.56","","","","","","","","","","","","22800000","#VALUE!","38926","4.18","12478447","3224.6","","","","200.04","na","na","","","","","","","","","","~0","20.53","18","64","48","20.53","94","","","","?","","","","","","","","","","","","","","1778.22","na","na","","0","3750","","5490","1-2","41.3","public","1036600","1725195","1-2","public","","345039","1725195","2070234","0.2","1706653","","1788995","?","","","","","",""
"52","New York City",2001,"","","","","","","","","","","","","","","","","","","","","","","","","","","","","","","","","","","","","","","","","","","","","","","","","","","","","","","","","","","","","","","","","","","","","#DIV/0!","","","","","","","","","","","","","","","","","","","0","","0","0","","","#DIV/0!","0","#DIV/0!","","","","","","","","","","","","","","","","#DIV/0!","","","","","","","","","","","","","","","","","","","","","","","","","","","","","","","","","","","","","","","","","","","","","","","","","","","","","","","","21491898","","","","","","","","","","","","","","","","","","","","","","","","","","","","","","","","","","","","","","","","","","","","#DIV/0!","","","","","","","","","","","","#DIV/0!","","0","0","","","","","","","","","","",""
"53","New York City",2006,NA,NA,NA,NA,NA,NA,NA,NA,NA,NA,NA,NA,NA,NA,NA,NA,NA,NA,NA,NA,NA,NA,NA,NA,NA,NA,NA,NA,NA,NA,NA,NA,NA,NA,NA,NA,NA,NA,NA,NA,NA,NA,NA,NA,NA,NA,NA,NA,NA,NA,NA,NA,NA,NA,NA,NA,NA,NA,NA,NA,NA,NA,NA,NA,NA,NA,NA,NA,NA,NA,NA,NA,NA,NA,NA,NA,NA,NA,NA,NA,NA,NA,NA,NA,NA,NA,NA,"0",NA,"0",NA,"0",NA,NA,"0",NA,NA,NA,NA,NA,NA,NA,NA,NA,NA,NA,NA,NA,NA,NA,NA,NA,NA,NA,NA,NA,NA,NA,NA,NA,NA,NA,NA,NA,NA,NA,NA,NA,NA,NA,NA,NA,NA,NA,NA,NA,NA,NA,NA,NA,NA,NA,NA,NA,NA,NA,NA,NA,NA,NA,NA,NA,NA,NA,NA,NA,NA,NA,NA,NA,NA,NA,NA,NA,NA,NA,NA,"22034147",NA,NA,NA,NA,NA,NA,NA,NA,NA,NA,NA,NA,NA,NA,NA,NA,NA,NA,NA,NA,NA,NA,NA,NA,NA,NA,NA,NA,NA,NA,NA,NA,NA,NA,NA,NA,NA,NA,NA,NA,NA,NA,NA,NA,NA,NA,NA,"40214.71",NA,NA,NA,NA,"10916721.94",NA,NA,NA,NA,"10916721.94","10916721.94",NA,NA,NA,NA,NA,NA,NA,NA,NA,NA,NA
"54","New York City",2011,"","","","","","","","785.58","","","","","","","","","","","","","","","","","","","","","","","133","2318","","176121.49","","","","","","","","","","","","","","","","","","","","","","","","","","","","","","","","","","","","","","","28940.77","","","","","","","","","","148681.77","535254.38","","","","1247845.96","","2825894.71","","","2825894.71","","1042794.37","","","","","","","","","","914522.41","","","832926.06","","","","","","","","","","","","","","","295164.08","1493.15","","","","","","","","11614.54","20639.14","","","","","","","","","","","","","","","","","","","","10247.68","","27126.21","","","","","","","","","22200000","#DIV/0!","2148","3.36","22214518","1220","","","","","","","","","","","","","","","","","","","","","","","","","","","","","","","","","","","","","","","","","","","","","","","33203.38","","","","","","","","","","0","0","","","","","","","","","","",""
"55","Osaka",2001,"","","","","","","","","","","","","","","","","","","","","","","","","","","","","","","","","","","","","","","","","","","","","","","","","","","","","","","","","","","","","","","","","","","","","#DIV/0!","","","","","","","","","","","","","","","","","","","0","","0","0","","","#DIV/0!","0","#DIV/0!","","","","","","","","","","","","","","","","#DIV/0!","","","","","","","","","","","","","","","","","","","","","","","","","","","","","","","","","","","","","","","","","","","","","","","","","","","","","","","","","","","","","","","","","","","","","","","","","","","","","","","","","","","","","","","","","","","","","","","","","","","","#DIV/0!","","","","0","","","","","","","","#DIV/0!","","0","0","","","","","","","","","","",""
"56","Osaka",2006,NA,NA,NA,NA,NA,NA,NA,NA,NA,NA,NA,NA,NA,NA,NA,NA,NA,NA,NA,NA,NA,NA,NA,NA,NA,NA,NA,NA,NA,NA,NA,NA,NA,NA,NA,NA,NA,NA,NA,NA,NA,NA,NA,NA,NA,NA,NA,NA,NA,NA,NA,NA,NA,NA,NA,NA,NA,NA,NA,NA,NA,NA,NA,NA,NA,NA,NA,NA,NA,NA,NA,NA,NA,NA,NA,NA,NA,NA,NA,NA,NA,NA,NA,NA,NA,NA,NA,"0",NA,"0",NA,"0",NA,NA,"0",NA,NA,NA,NA,NA,NA,NA,NA,NA,NA,NA,NA,NA,NA,NA,NA,NA,NA,NA,NA,NA,NA,NA,NA,NA,NA,NA,NA,NA,NA,NA,NA,NA,NA,NA,NA,NA,NA,NA,NA,NA,NA,NA,NA,NA,NA,NA,NA,NA,NA,NA,NA,NA,NA,NA,NA,NA,NA,NA,NA,NA,NA,NA,NA,NA,NA,NA,NA,NA,NA,NA,NA,NA,NA,NA,NA,NA,NA,NA,NA,NA,NA,NA,NA,NA,NA,NA,NA,NA,NA,NA,NA,NA,NA,NA,NA,NA,NA,NA,NA,NA,NA,NA,NA,NA,NA,NA,NA,NA,NA,NA,NA,NA,NA,NA,NA,NA,NA,NA,NA,"0",NA,NA,NA,NA,NA,NA,NA,NA,NA,"0","0",NA,NA,NA,NA,NA,NA,NA,NA,NA,NA,NA
"57","Osaka",2011,"","","","","","","","","","","","","","","","","","","","","","","","","","","47529","","","","311","1728","","97915","","","","","","","","","","","","","","","","","","","","","","","","","","","","","","","","","","141311.39","","","","","?","","","","","23.61","","","","","141335","508806","","","","490071","","1296336","","","1296336","","297459","","","","","","","","","","7778","","","199544","","","","","506","","","","","","","","","","","","","","","","","","","","","","","","","","","","","99150","","","","","","61547","","27726","","","","","","","246341","","","","","","","16800000","#DIV/0!","4415","#DIV/0!","17089000","1614","","","","","","","","","","","","","","","","","","","","","","","","","","","","","","","","","","","","","","","","","","","","5853.8","960.21","","6814.01","","","","","2513773.97","","","","","2513773.97","2513773.97","","","","","","","","","","",""
"58","Paris",2001,"","","","","","","","","","","","","","","","","","","","","","","","","","","1428","","","","","","","127010","","","","","3","","","","","","","","","","","","","","","","","","","","","","","","","","","","2","66062","3.17","15","","","","76","1","2","","54","0","","","","66116","238017.6","","","0","320428","","771507.6","771507.6","","","-2.89","213062","-3.17","","","","","","","200000","","266366","","","86052","","","420890000000","44.32","467655555556","","","","","","","","","","52634","","","","","","","","","","","","","","","","","","","","","","","","","","","","","","","","","","","","","","rubber also given","","","","","","","11114790","","","","","","","","","","","","","","","","","","","","","","","","","","","","","","","","","","","","","","","","","","","","37.51","3536","1215","","4751","","122.8","","1250835","","","","#DIV/0!","","0","0","","","","","","","","","","",""
"59","Paris",2006,NA,NA,NA,NA,NA,NA,NA,"3612",NA,NA,NA,NA,NA,NA,NA,NA,NA,NA,NA,NA,NA,NA,NA,NA,NA,NA,"1092",NA,NA,NA,NA,NA,NA,"138096",NA,NA,NA,NA,"5",NA,NA,NA,NA,NA,NA,NA,NA,NA,NA,NA,NA,NA,NA,NA,NA,NA,NA,NA,NA,NA,NA,NA,NA,"84.41",NA,NA,"4","65546",NA,"12",NA,NA,NA,"78","2","3",NA,"57","0",NA,NA,NA,"65603","236170.8",NA,NA,"0","342358",NA,"784832.8",NA,"784832.8",NA,NA,"206304",NA,NA,NA,NA,NA,NA,NA,"253000",NA,"285574",NA,NA,"68208",NA,NA,"5.01e+11",NA,"556666666667",NA,NA,NA,NA,NA,NA,NA,NA,NA,"52080",NA,NA,NA,NA,NA,NA,NA,NA,NA,NA,NA,NA,NA,NA,NA,NA,NA,NA,NA,NA,NA,NA,NA,NA,NA,NA,NA,NA,NA,NA,NA,NA,NA,NA,NA,NA,NA,NA,NA,NA,NA,NA,NA,NA,"11532400",NA,NA,NA,NA,NA,NA,NA,NA,NA,NA,NA,NA,NA,NA,NA,NA,NA,NA,NA,NA,NA,NA,NA,NA,NA,NA,NA,NA,NA,NA,NA,NA,NA,NA,NA,NA,NA,NA,NA,NA,NA,NA,NA,NA,NA,NA,NA,"0",NA,"180.2",NA,NA,NA,NA,NA,NA,NA,"0","0",NA,NA,NA,NA,NA,NA,NA,NA,NA,NA,NA
"60","Paris",2011,"","196000000","","405000000","350000000","12011","2535","12012","","","","29122","12132","16990","2315","1615","700","","","","211","211","0","","","","1638","Y","","","24","2157","","138096",">5","public","unknown","25","","","","42","","","","13","","","","","","41","","30","15","56","","","","","Y","1-2","public","","","Y","","68215","","","Y","unknown","11500","","","","Y","","","Y","1-2","public","68215","245574","4800","10578","0.3","297318","255693.48","749196","","","749196","","206304","","10953","4578","6375","","","","253000","","242676","1-2","public","68208","Y","465","607439000000","","674932222222","N",">90",">90","","","","","","","40992","","","","","","","","","","","","","","","","","","","","","","","","","","","","","","","","","","","","","","","","","10400000","4676","3632","6.64","11852851","637.4","","","","","","","79490","55950","23540","","","","","","","0","0","100","0","0","0","100","","","","1117","","","","","","","","","","4","","","","","","","","3898","2635","","6533",">5","66.5","public","","1615054.36",">5","public","","97243","1615054.36","1712297.36","0.06","1736840.13","356430.37","1380409.76","N","","","","","",""
"61","Rio de Janeiro",2001,"","","","","","","","3938","","","","","","","","","","","","","","","","","","","12243","","","","","","","44899","","","","","4.3","","","","","","","","","","","","","","","","","","","","","","","","","","","","7.6","17201","136.11","69.8","","","4348","10.2","7.6","0.4","","0","0","","","","17201","61923.6","","","0.1","93552","","249249.6","249249.6","","","57.02","93774","53.46","","","","","","","24186","","33996","","","31130","","","86400000000","88.19","86400000000","","","","","","","","","","21825","","","","","","","","","","","","","","","","9148","","","","","","","","","","","","","","","21550","","","","","","","","","","","","","","10869255","","","","","","","","","","","","","","","","","","","","","","","","","","","","","","","","","","","","","","","","","","","","#DIV/0!","0","","","0","","214","","599256","749070","","","37.39","880263","749070","1629333","1.175","1630333","0","1630333","","","","","","",""
"62","Rio de Janeiro",2006,NA,NA,NA,NA,NA,NA,NA,"4033",NA,NA,NA,NA,NA,NA,NA,NA,NA,NA,NA,NA,NA,NA,NA,NA,NA,NA,"12186",NA,NA,NA,NA,NA,NA,"38173",NA,NA,NA,NA,"1.6",NA,NA,NA,NA,NA,NA,NA,NA,NA,NA,NA,NA,NA,NA,NA,NA,NA,NA,NA,NA,NA,NA,NA,NA,"32.3",NA,NA,"4","28798",NA,"84.6",NA,NA,"5650","3","2.6","4.2",NA,"0","0",NA,NA,NA,"28798","103672.8",NA,NA,"0.1","108580",NA,"317630.8",NA,"317630.8",NA,NA,"105378",NA,NA,NA,NA,NA,NA,NA,"21464","1655","51356",NA,NA,"29176",NA,NA,"1.104e+11",NA,"1.104e+11",NA,NA,NA,NA,NA,NA,NA,NA,NA,"18715",NA,NA,NA,NA,NA,NA,NA,NA,NA,"8597",NA,NA,NA,NA,NA,"28749",NA,NA,NA,NA,NA,NA,NA,NA,NA,NA,NA,NA,NA,NA,"22290",NA,NA,NA,NA,NA,NA,NA,NA,NA,NA,NA,NA,NA,"11534047",NA,NA,NA,NA,NA,NA,NA,NA,NA,NA,NA,NA,NA,NA,NA,NA,NA,NA,NA,NA,NA,NA,NA,NA,NA,NA,NA,NA,NA,NA,NA,NA,NA,NA,NA,NA,NA,NA,NA,NA,NA,NA,NA,NA,"0","4041",NA,"4041",NA,"227",NA,"631833","789791",NA,NA,NA,"872546","789791","1662337","1.105","1662338","0","1662338",NA,NA,NA,NA,NA,NA,NA
"63","Rio de Janeiro",2011,"","","","","na","5327.84","1084.09","3505","","","","","","","2839","670","2169","","","","2573","-4173","6746","","","","17816","Y","","","385","37","","63312","","","","~0","1.4","","","27.5","","","","20.7","","","","","","35.5","","27.5","20.7","13.3","","1.3","","","Y","1-2","private","51.2","","Y","6.8","33241","","80.5","","~0","7372","2.7","3.6","4.7","Y","0","0","N","1-2","mix","40613","146206.8","~0","~0","0.4","101248","41309.18","391362.8","","","391362.8","","143908","","6902","6676","243","","","","32550","2586","52329","1-2","private","31717","Y","677628","162600000000","","162600000000","N","52","92","","","","","","","5623","","","","","","","","","","9280","","","","","","29502","","","","","","","","","","","","","","","21975","","","","","","","","","","12600000","10986","7354","9.57","11909897","1090","","","","","","","","","","","","","","","","na","11","~0","26","9","1","32","","","","1536.65","","","","","","","","","","1.34","","","","","","","","0","3629","","3629","","235","","823346","1029183","1-2","mix","","558059","1029183","1587242","0.542","1587241","0","1587241","Y","","","","","",""
"64","Sao Paulo",2001,"","","","","","","","~0","","","","","","","","","","","","","","","","","","","~0","","","","","","","73422","","","","","4.3","","","","","","","","","","","","","","","","","","","","","","","","","","","","7.6","37354","44.11","69.8","","","3735","10.2","7.6","0.4","","0","0","","","","37354","134474.4","","","0.1","85166","","417160.4","417160.4","","","37.98","197520","34.48","","","","","","","55123","","17362","","","95961","","","158500000000","161.58","158500000000","","","","","","","","","","20361","","","","","","","","","","25239","","","","","","2898","","","","","","","","","","","","","","","47443","","","","","","","","","","","","","","17882322","","","","","","","","","","","","","","","","","","","","","","","","","","","","","","","","","","","","","","","","","","","","#DIV/0!","","","","0","","352","","770109","962637","","","21.51","740748","962637","1703385","0.769","1703385","","","","","","","","",""
"65","Sao Paulo",2006,"","","","","","","","~0","","","","","","","","","","","","","","","","","","","~0","","","","","","","75222","","","","","1.6","","","","","","","","","","","","","","","","","","","","","","","","","32.3","","","4","45555","","84.6","","","4556","3","2.6","4.2","","0","0","","","","45555","163998","","","0.1","93139","","478514","","478514","","","221377","","","","","","","","67694","","42534","","","89300","","","266200000000","","266200000000","","","","","","","","","","5245","","","","","","","","","","45628","","","","","","11227","","","","","","","","","","","","","","","45360","","","","","","","","","","","","","","19189471","","","","","","","","","","","","","","","","","","","","","","","","","","","","","","","","","","","","","","","","","","","","","","4496","","4496","","378","","829763","1037204","","","","852589","1037204","1889793","0.822","1889793","","","","","","","","",""
"66","Sao Paulo",2011,"","na","","na","na","7946.82","1957.48","~0","","","","","","","8176.81","3108","5069","","","","4281.67","1039","3243","","","","~0","Y","","","120","495","","76100","","","","~0","1.4","","","25.8","","","","30","","","","","","34.3","","4.5","47","22.9","","","","","Y","3-5","private","51.2","","Y","6.8","53830","","80.5","","~0","5382.98","2.7","3.6","4.7","Y","0","0","N","1-2","private","53830","193788","~0","~0","0.4","116172","31831.13","575582","","","575582","","265622","","11488","11206","282","","","","94589","","45901","1-2","private","108785","Y","108871","414600000000","","414600000000","N","60","94","","","","","","","2656","","","","","","","","","","74854","","","","","","5883","","","","","","","","","","","","","","","67615","","","","","","","","","","20900000","10127","9456","10.85","19822559","1350","","","","","","","","","","","","","","","","na","2","0","8","5","<1","43","","","","1511.1","","","","","","","","","","na","","","","","","","","","5836","","5836","","391","","935732","1169665",">5","mix","","835333","1169665","2004998","0.714","2004999","","","Y","","","","","",""
"67","Seoul",2001,"","","","","","","","","","","","","","","","","","","","","","","","","","","","","","","","","","","","","","","","","","","","","","","","","","","","","","","","","","","","","","","","","","","","","#DIV/0!","","","","","","","","","","","","","","0","0","","","","0","","0","0","","","#DIV/0!","0","#DIV/0!","","","","","","","","","","","","","","","","#DIV/0!","","","","","","","","","","","","","","","","","","","","","","","","","","","natural gas","","scaled from nat. data","","","","","","","","Yr 2010","","","","","","","","","","","","","","","","","","","","","","","","","","","","","","","","rice","","","","","","","","","","","","","","","","","","","","","","","","","","","","","","","#DIV/0!","","","","0","","","","","","","","#DIV/0!","","0","0","","","","","","","","","","",""
"68","Seoul",2006,"","","","","","","","1.53","","","","","","","","","","","","","","","","","","","7506.1","","","","","","","6166.27","","","","","","","","","","","","","","","","","","","","","","","","","","","","","","","","","","41824","","","","","7793.51","","","","","","","","","","41824","150566.4","","","","230811.73","","397823.3","","397823.31","","","16445.17","","","","","","","","","","192529.8","","","5182","","","220134000000000","","284117191533","","","","","","","","","","30774.31","","","","","","","","","","","","","","","","scaled from nat. data","","","","","","","","","","scaled","","","","","","","","","","","","","","","","","","","10358560","","","","","","","","","","","","","","","","","","","","","","","","","","","","","","","","","","","","","","","","","","","","","320.56","2570.68","","2891.24","","231.41","","19469.1","1120437","","","","112556","1120437","1232993","0.1","1246237","28195","","","","","","","",""
"69","Seoul",2011,"","","616870773","","","605.96","363.14","0.96","","","","","","","","","","","","","","","","","","","5793.77","","","","59","2870","","5147.92","1-2","public","","unknown","","","","","","7.6","","4.8","","","","","","27.6","","","8.7","","46.4","39.3","60","","","1-2","public","","","Y","","46903","","","","unknown","10220.49","","","","Y","","","Y","1-2","public","46903","168850.8","384","33","","231688.69","107503.55","414614.55","","","414614.55","","14075.06","","","","","","","","","","197080.92","1-2","public","5138.55","","","282944000000000","","339668667467","","75.1","","","","","","","","28813.04","","5.6","","","","","","","","","","","","","","","","","","","","","","","","","","","","","","","","","","","","","","","24200000","28994","9075","#DIV/0!","10528774","2039.3","","","","","","","","","","","","","","","","0","0","0","0","0","0","100","","","","1333","","","","","","","","","","","","","","","","","","726.13","1930.98","","2657.11","1-2","166.08","public","23161.81","1105221","1-2","public","","45117","1105221","1150338","0.041","1187287","22437","","","","","","","",""
"70","Shanghai",2001,"","148490000","383240000","","234750000","6340.5","","","","","","","","","","","","","","","","","","","","","","","","","","","","96133.34","","","","","","","","","","","","","","","","","","","","","","","","","","","","","","","","","","56130","126.11","","","","3169","","","","","","","","","","56130","202068","","","","757084.16","","1162165.34","1162165.34","","","82.32","203013.18","236.64","","","","","","","these data already counted in lines 56 and 57","","","","","59148.031","","","521012000000","189.48","157882424242","","","","","","","","","","","","","","","","","","","","","22350.65","25381.15","","","","","","","","","","","","","","","","","","","","","757084.16","","","","","","","","","","","","16683300","","","","","","","","","","","","","","","","","","","","","","","","","","","","","","","","","","","","","","","","","","","","#DIV/0!","","","","","","305","","1950000","","","","#DIV/0!","","0","10629000","","11036000","73000","10963000","","","","","","",""
"71","Shanghai",2006,"","294250000","702820000","","408570000","6340.5","","","","","","","","","","","","","","","","","","","","","","","","","","","","156933.77","","","","","","","","","","","","","","","","","","","","","","","","","","","","","","","","","","93864","","","","","5151","","","","","","","","","","93864","337910.4","","","","1064682.56","","1857799.26","","1857799.26","","","455206.3","","","","","","","","see survey","","","","","115743.080700228","","","1057224000000","","302064000000","","","","","","","","","","","","","","","","","","","","","64095.56","118433.89","","","","","","","","","","","","","","","","","","","","","1064682.56","","","","","","","","","","","","19641100","","","","","","","","","","","","","","","","","","","","","","","","","","","","","","","","","","","","","","","","","","","","","1145","2088","579","3233","","301.98","","2216000","9482600","","","","1673400","9482600","11156000","0.176","11857000","57000","11800000","","","","","","",""
"72","Shanghai",2011,"","430150000","980920000","","550770000","6340.5","","","","","","","","","","","8182.8","","","","","","24828.1","","","","","Y","","","370","1664","","223581.78","0","na","0","unknown","","","","","","","","","","","","","","","","","","","","","","","Y","1-2","public","","","Y","","126913","","","Y","unknown","7049","","","","N","","","N",">5","public","126913","456886.8","93","40","","978551.33","","2118861.73","","","2118861.73","","683423.6","","","","","","","","","","","3-5","public","203320.549","N","unknown","1919569000000","","457040238095","Y","66.2","128.3 per 100 pop","","","","","","","","","","","","","","","","","","81411.57","175109.7","","","","","","","","","","","","","","","","","","","","","978551.33","","","","","","","","18400000","#DIV/0!","16930","40.71","23474600","1009.1","","","","","","","","","","","","","","","","8.8","0.01","0","10","1","0.6","14.4","","","","1219.2","","","","","","","","","","","","","","","","","","592.3","3627.1","78","4219.4",">5","249","mix","2279000","8286650","3-5","public","","1462350","","9749000","0.176","9749000","14000","9735000","N","","","","","",""
"73","Shenzhen",2001,"","","","","","","","?","","","","","","","","","","","","","","","","","","","961.41","","","","","","","53642.91","","","","","68.55","","","","","","","","","","","","","","","","","","","","","","","","","625.38","","","3.34","21228.71","227.89","8.17","","","1333.16","0.54","19.4","","","","","","","","21228.71","76423.36","","","0","26211.01","","162466.77","162466.77","","","120.05","59832.4","13.61","","","","","","","2924.1","","?","","","6189.49","","","248248740000","264.15","75226890909","","","","","","","","","","16244.93","","","","","","","","","","","","","","","","","","","","5774.56","","","","","","","3065.84","","","","","","","","","","","","","","","","","","7245700","","","","","","","","","","","","","","","","","","","","","","","","","","","","","","","","","","","","","","","","","","","","19.08","868.34","2975.67","","3844.01","","129.82","","865450","1287860","","","51.8","148921","1287860","1436781","0.116","1287860","59030","1228460","","","","","","",""
"74","Shenzhen",2006,"","","","","","","","?","","","","","","","","","","","","","","","","","","","?","","","","","","","?","","","","","78.97","","","","","","","","","","","","","","","","","","","","","","","","","616.78","","","0.48","48720.38","","15.9","","","3059.64","2.13","2.43","","","0.04","","","","","48720.42","175393.51","","","0.09","0","","175393.51","","175393.51","","","0","","","","","","","","2198.88","","?","","","?","","","581356240000","","166101782857","","","","","","","","","","?","","","","","","","","","","","","","","","","","","","","?","","","","","","","?","","","","","","","","","","","","","","","","","","8711000","","","","","","","","","","","","","","","","","","","","","","","","","","","","","","","","","","","","","","","","","","","","","752","2577","","3329","","186.15","","1241000","1731640","","","","45079.2","1731640","1776719.2","0.026","1731640","55410","1675810","","","","","","",""
"75","Shenzhen",2011,"","4699300","28759800","4404200","19656300","2020","1991.64","?","","","","","","","130462.24","unknown","115920.72","","","","unknown","16.25","413.41","","","","1887.66","Y","","","685","377","","32710.85","1-2","public","unknown","unknown","77.8","","","22.55","","","","60.15","","","","","","12.85","","9","63.9","12.9","","","","","Y",">5","mix","622.31","","","1.6","69601.98","","17.2","Y","unknown","4371","1.8","0.3","","Y","4.07","","Y","1-2","public","69606.05","250581.78","12750","6630","1.3","38956.05","8531.37","357513.58","","","357513.58","","67975.75","","unknown","unknown","161.72","","","","15897.53","","18682.65","1-2","public","35264.9","Y","unknown","1150552980000","","273941185714","Y","99","130 per 100 pop","","","","","","","3143.21","","","","","","","","","","","","","","","","","","","","12089.04","","","","","","164.27","2927.06","","","","","","","","","","","","","","10400000","5256","no data","44.46","10467400","1269.7","","","","","","","","","","","","","","","","3.32","0","3.32","unknown","5","0","6.03","","","","2054.4","","","","","","","","","","2.17","","","","","","","","1781.6","2795.7","","4577.3",">5","203.85","mix","1359000","1954910","1-2","public","","50355","1954910","2005265","0.026","1954910","9910","1852900","Y","","","","","",""
"76","Tehran",2001,"","","","","","","","0","","","","","","","","","","","","","","","","","","","0","","","","","","","","","","","","0","","","","","","","","","","","","","","","","","","","","","","","","","","","","","","#DIV/0!","","","","","0","","","","","negligible","","","","0","0","","","0","4407.46","","9574.54","9574.54","","","","5167.08","","","","","","","","","","","","","","","","330000000000000","-36.36","226523887974","","","","","","","","","","4407.46","","","","","","","","","","","","5167.08","","","","","","","","","","","","","","","","","","","","","","","","","","","","","","","","","10617046","","","","","","","","","","","","","","","","","","","","","","","","","","","","","","","","","","","","","","","","","","","","#DIV/0!","0","","","0","","","","","726604.09","","","14.75","242201.36","726604.09","968805.45","0.333","","","","","","","","","",""
"77","Tehran",2006,"","","","","","","","0","","","","","","","","","","","","","","","","","","","0","","","","","","","43632.78","","","","","0","","","","","","","","","","","","","","","","","","","","","","","","","","","","","27871","","","","","4180.7","0","","","","","negligible","","","","27871","100335.6","","","0","6145.86","","335077.18","","335077.18","","","228595.72","","","","","","","","","","","","","129295.08","","","440000000000000","","151416084518","","","","","","","","","","6145.86","","","","","","","","","","","","1798.31","","","","","","","","","","","","","","","","","","","","","","","","","","","","","","","","","11063613","","","","","","","","","","","","","","","","","","","","","","","","","","","","","","","","","","","","","","","","","","","","","0","","","0","","","","115","757166.01","","","","252388.67","757166.01","1009554.69","0.333","","","","","","","","","",""
"78","Tehran",2011,"","","","","","18900","1390","0","","","","","","","","","4015","","","","","","","","","","0","Y","","","708","1977","","129568.9","1-2","public","unknown","unknown","0","","","36","","","","16","","","","","","41","","","","","","","7","","Y","1-2","public","","","N","","24691","","","N","unknown","3703.7","0","","","N","","negligible","Y","1-2","public","24691","88887.6","unknown","unknown","0","713614.79","","1110805.93","","","1110805.93","","308303.54","","","","","","","","54845.29","","713614.79","1-2","public","173460","N","3500000","620000000000000","","144159226190","Y","16.4","89","","","","","","","","","","","","","","","","","","","5274.64","","","53869.56","","","","","","","","","","","","","","","","","","","","","","","","","","12800000","8765","703","14.75","12183391","316.3","","","","","","","","","","","","","","","","","0","0.1","55","0","0","","","","","2200","","","","","","","","","","","","","","","","","","0","2555","","2555","","","","","833800.82","1-2","public","","277933.61","833800.82","1111734.43","0.333","","","","N","","","","","",""
"79","Tokyo",2001,"","","","","","","","","","","","","","","","","","","","","","","","","","","","","","","","","","","","","","","","","","","","","","","","","","","","","","","","","","","","","","","","","","","","","#DIV/0!","","","","","","","","","","","","","","","","","","","0","","0","","","","#DIV/0!","","#DIV/0!","","","","","","","","","","","","","","","","#REF!","","","","","","","","","","","","","","","","","","","","","","","","","","","","","","","","","","","","","","","","","","","","","","","","","","","","","","","","","","","","","","","","","","","","","","","","","","","","","","","","","","","","","","","","","","","","","","","","","","","","#DIV/0!","","","","0","","","","","","","","#DIV/0!","","0","0","","","","","","","","","","",""
"80","Tokyo",2006,NA,NA,NA,NA,NA,NA,NA,NA,NA,NA,NA,NA,NA,NA,NA,NA,NA,NA,NA,NA,NA,NA,NA,NA,NA,NA,NA,NA,NA,NA,NA,NA,NA,NA,NA,NA,NA,NA,NA,NA,NA,NA,NA,NA,NA,NA,NA,NA,NA,NA,NA,NA,NA,NA,NA,NA,NA,NA,NA,NA,NA,NA,NA,NA,NA,NA,NA,NA,NA,NA,NA,NA,NA,NA,NA,NA,NA,NA,NA,NA,NA,NA,NA,NA,NA,NA,NA,"0",NA,"0",NA,NA,NA,NA,NA,NA,NA,NA,NA,NA,NA,NA,NA,NA,NA,NA,NA,NA,NA,NA,NA,NA,NA,NA,NA,NA,NA,NA,NA,NA,NA,NA,NA,NA,NA,NA,NA,NA,NA,NA,NA,NA,NA,NA,NA,"5096.91",NA,NA,NA,NA,NA,NA,NA,NA,NA,NA,NA,NA,NA,NA,NA,NA,NA,NA,NA,NA,NA,NA,NA,NA,NA,NA,NA,NA,NA,NA,NA,NA,NA,NA,NA,NA,NA,NA,NA,NA,NA,NA,NA,NA,NA,NA,NA,NA,NA,NA,NA,NA,NA,NA,NA,NA,NA,NA,NA,NA,NA,NA,NA,NA,NA,NA,NA,NA,NA,NA,NA,NA,NA,NA,NA,NA,NA,NA,NA,"0",NA,NA,NA,NA,NA,NA,NA,NA,NA,"0","0",NA,NA,NA,NA,NA,NA,NA,NA,NA,NA,NA
"81","Tokyo",2011,"","","","","","","","","","","","","","","","","","","","","","","","","","","62250","","","","227","1594","","188218","","","","","","","","","","","","","","","","","","","","","","","","","","","","","","","","","","240472.5","","","","","?","","","","","310.28","","","","","240782.78","866818","","","","1047599","","2561871","","","2561871","","647454","","","","","","","","","","7319","","","459236","","","","","1139.71","","","","","","","","","","","","","","","","","","","","","","","3788.59","","","","","","229914","","","","","","124862","","177151","","","","","","","446103","","","","","","","34000000","#DIV/0!","5081","#DIV/0!","35622000","1479.5","","","","","","","","","","","","","","","","","","","","","","","","","","","","","","","","","","","","","","","","","","","","","949.7","","949.7","","","","","4186439.73","","","","","4186439.73","4186439.73","","","","","","","","","","",""
